epoch,dice_score,loss,val_dice_score,val_loss,fold
0,0.33984184,0.6601581454277039,0.34587905,0.6541209556162357,3
1,0.3449828,0.6550171852111817,0.3524299,0.6475701108574867,3
2,0.35046193,0.6495380818843841,0.36314595,0.6368540599942207,3
3,0.36979303,0.6302069544792175,0.37922752,0.6207724548876286,3
4,0.38422802,0.6157719850540161,0.39922184,0.6007781252264977,3
5,0.4089695,0.5910304486751556,0.42291802,0.5770819894969463,3
6,0.4311903,0.5688096880912781,0.44647318,0.5535268262028694,3
7,0.45437545,0.5456244707107544,0.4682251,0.5317748971283436,3
8,0.47886676,0.5211332678794861,0.48646238,0.5135376341640949,3
9,0.49948534,0.5005146145820618,0.50204927,0.4979506991803646,3
10,0.5137544,0.48624554872512815,0.5119131,0.4880869425833225,3
11,0.525,0.4750000536441803,0.52468604,0.4753139317035675,3
12,0.53894436,0.4610555827617645,0.5377903,0.4622097536921501,3
13,0.5238448,0.4761552572250366,0.54709023,0.45290976390242577,3
14,0.5518006,0.4481994092464447,0.5526033,0.4473966434597969,3
15,0.56520975,0.4347902417182922,0.5607696,0.4392303414642811,3
16,0.5846168,0.4153832197189331,0.57002497,0.4299750067293644,3
17,0.6150656,0.3849343955516815,0.5687327,0.4312674179673195,3
18,0.62381005,0.3761898994445801,0.57946765,0.42053232714533806,3
19,0.5990315,0.40096849799156187,0.5913273,0.4086727015674114,3
20,0.6191567,0.38084331154823303,0.6072769,0.39272309839725494,3
21,0.58324486,0.4167551100254059,0.58681405,0.4131860211491585,3
22,0.59760004,0.4023999810218811,0.61999243,0.3800075016915798,3
23,0.7003966,0.29960344433784486,0.6309452,0.3690548203885555,3
24,0.6457568,0.3542432487010956,0.626855,0.3731449879705906,3
25,0.6436089,0.35639106035232543,0.6203469,0.37965309619903564,3
26,0.64791363,0.35208638906478884,0.62991124,0.3700888082385063,3
27,0.66233957,0.33766038417816163,0.63505757,0.3649424724280834,3
28,0.6300101,0.3699898302555084,0.6442828,0.35571715235710144,3
29,0.6420268,0.35797318816185,0.63072747,0.36927254125475883,3
30,0.6974777,0.3025223433971405,0.6525618,0.34743814915418625,3
31,0.69573987,0.3042601704597473,0.6541506,0.3458494022488594,3
32,0.66566753,0.33433247804641725,0.66478556,0.33521436899900436,3
33,0.6514037,0.34859625101089475,0.6683666,0.33163339272141457,3
34,0.69074863,0.3092513680458069,0.6702434,0.32975662127137184,3
35,0.67747176,0.3225282490253448,0.6650718,0.3349281884729862,3
36,0.5804205,0.4195794701576233,0.6720532,0.3279467858374119,3
37,0.6915986,0.30840139985084536,0.6724994,0.3275005407631397,3
38,0.66614926,0.3338507294654846,0.6541763,0.3458237275481224,3
39,0.7479793,0.2520207464694977,0.67070705,0.3292929381132126,3
40,0.6977733,0.30222675800323484,0.67811,0.3218899480998516,3
41,0.72735226,0.2726476967334747,0.6680682,0.33193182945251465,3
42,0.7323386,0.26766136288642883,0.68030936,0.31969059258699417,3
43,0.698086,0.30191399455070494,0.68249035,0.3175096698105335,3
44,0.6927499,0.3072499930858612,0.67925364,0.32074642553925514,3
45,0.6968422,0.30315778255462644,0.67176723,0.3282327502965927,3
46,0.6917633,0.3082367479801178,0.6780745,0.32192543521523476,3
47,0.7562084,0.24379159808158873,0.6773258,0.3226741850376129,3
48,0.70047104,0.2995289623737335,0.68562454,0.3143754377961159,3
49,0.71860015,0.2813998878002167,0.6711527,0.32884731888771057,3
50,0.71762246,0.28237751722335813,0.69345224,0.30654773488640785,3
51,0.72208,0.27791998386383054,0.69698787,0.3030121959745884,3
52,0.7579234,0.242076575756073,0.6957015,0.3042985834181309,3
53,0.7322173,0.2677826642990112,0.6980884,0.3019115701317787,3
54,0.7430247,0.25697522759437563,0.68414,0.31585997715592384,3
55,0.7687989,0.2312011182308197,0.6926372,0.30736276507377625,3
56,0.6989966,0.3010033905506134,0.7038629,0.29613716155290604,3
57,0.7208358,0.27916417717933656,0.69973844,0.3002615459263325,3
58,0.7059979,0.29400213360786437,0.703469,0.29653100669384,3
59,0.7536778,0.2463221788406372,0.68380386,0.3161961957812309,3
60,0.7506954,0.24930461049079894,0.69696504,0.3030349686741829,3
61,0.74289334,0.2571066379547119,0.6794203,0.32057973742485046,3
62,0.68162143,0.31837862730026245,0.7004188,0.29958128556609154,3
63,0.72712755,0.2728724181652069,0.70134765,0.29865236207842827,3
64,0.7136899,0.2863100230693817,0.69427305,0.3057269714772701,3
65,0.7001376,0.299862402677536,0.6953073,0.3046926446259022,3
66,0.72651225,0.2734877526760101,0.71455675,0.28544335812330246,3
67,0.738141,0.2618589997291565,0.7164949,0.2835051156580448,3
68,0.7111456,0.28885438442230227,0.7110882,0.288911834359169,3
69,0.7598414,0.24015856981277467,0.6982474,0.30175260454416275,3
70,0.7564723,0.24352774024009705,0.7233654,0.27663447707891464,3
71,0.79981333,0.20018669962882996,0.7056302,0.2943698279559612,3
72,0.7417054,0.2582945764064789,0.7191106,0.2808893099427223,3
73,0.71575326,0.2842467188835144,0.7286979,0.2713020257651806,3
74,0.6996393,0.3003606736660004,0.7198076,0.2801923640072346,3
75,0.73807067,0.2619292676448822,0.7266098,0.27339012920856476,3
76,0.7193409,0.2806591510772705,0.7187478,0.2812521979212761,3
77,0.7465153,0.25348474383354186,0.7089669,0.29103313386440277,3
78,0.7314099,0.26859003901481626,0.7276753,0.2723247669637203,3
79,0.6943986,0.30560141801834106,0.7164968,0.2835031673312187,3
80,0.7767409,0.22325910329818727,0.7139291,0.28607089444994926,3
81,0.7747847,0.22521530389785765,0.7322139,0.2677861265838146,3
82,0.76168525,0.2383147656917572,0.73986614,0.26013384759426117,3
83,0.7279037,0.2720962643623352,0.7221055,0.2778945565223694,3
84,0.76046693,0.23953307271003724,0.75075465,0.249245323240757,3
85,0.7614775,0.23852256536483765,0.7258709,0.2741290293633938,3
86,0.7598449,0.24015505313873292,0.7393384,0.26066165417432785,3
87,0.76182395,0.2381760835647583,0.7245277,0.2754723094403744,3
88,0.77420104,0.2257988929748535,0.741786,0.25821395590901375,3
89,0.8182371,0.18176291584968568,0.73581254,0.26418739184737206,3
90,0.7789086,0.221091365814209,0.7326316,0.2673683948814869,3
91,0.766646,0.2333540678024292,0.74806434,0.2519356720149517,3
92,0.7608379,0.23916206359863282,0.7481025,0.25189752876758575,3
93,0.7831872,0.216812801361084,0.7378289,0.26217103376984596,3
94,0.7500404,0.2499596059322357,0.7511431,0.24885687977075577,3
95,0.7478503,0.2521496474742889,0.7362782,0.2637217305600643,3
96,0.7831251,0.21687490344047547,0.7458434,0.25415661931037903,3
97,0.7380858,0.26191422939300535,0.7181164,0.2818836234509945,3
98,0.6824464,0.31755353808403014,0.74627155,0.253728449344635,3
99,0.7606295,0.2393704831600189,0.7350323,0.2649676166474819,3
100,0.7350808,0.26491918563842776,0.74122137,0.2587786465883255,3
101,0.68984777,0.31015223264694214,0.74770474,0.2522953189909458,3
102,0.80738115,0.1926188588142395,0.7359539,0.2640460953116417,3
103,0.7763878,0.22361222505569459,0.7460375,0.2539624571800232,3
104,0.7811383,0.21886169910430908,0.74990535,0.250094685703516,3
105,0.79853517,0.20146485567092895,0.74988896,0.2501111552119255,3
106,0.77528846,0.2247115731239319,0.7481378,0.2518622353672981,3
107,0.7320477,0.2679523408412933,0.7512581,0.24874196201562881,3
108,0.7933309,0.20666911602020263,0.73169017,0.2683098651468754,3
109,0.80134946,0.1986505150794983,0.74454355,0.25545651093125343,3
110,0.7863097,0.21369025111198425,0.75025916,0.24974079057574272,3
111,0.7852358,0.21476417183876037,0.7657099,0.23429012298583984,3
112,0.76431054,0.2356894850730896,0.7576182,0.24238184094429016,3
113,0.7790753,0.22092469334602355,0.75247,0.2475300282239914,3
114,0.7298162,0.2701838195323944,0.76295865,0.23704137653112411,3
115,0.73868585,0.2613141775131226,0.7460277,0.2539723478257656,3
116,0.78731716,0.21268287897109986,0.7564654,0.2435346283018589,3
117,0.8104763,0.18952372670173645,0.76190734,0.23809261247515678,3
118,0.7515031,0.24849689602851868,0.7602478,0.23975208029150963,3
119,0.73589313,0.26410682797431945,0.7493108,0.25068915262818336,3
120,0.77739793,0.22260202765464782,0.7496409,0.25035909935832024,3
121,0.8447801,0.15521993041038512,0.74936527,0.25063471123576164,3
122,0.8006113,0.199388724565506,0.7634571,0.2365429848432541,3
123,0.8278204,0.17217955589294434,0.7508027,0.2491973377764225,3
124,0.74368966,0.256310361623764,0.76786816,0.2321319580078125,3
125,0.7675365,0.23246345520019532,0.7665521,0.23344796523451805,3
126,0.8090517,0.19094833135604858,0.7595742,0.24042582511901855,3
127,0.78282845,0.21717156171798707,0.76105803,0.2389419637620449,3
128,0.73836833,0.2616316854953766,0.7552954,0.24470458552241325,3
129,0.78913516,0.21086474657058715,0.750655,0.24934498965740204,3
130,0.7634476,0.23655243515968322,0.76512295,0.234877061098814,3
131,0.79279935,0.20720064043998718,0.76663023,0.23336974531412125,3
132,0.78897154,0.21102843284606934,0.7605028,0.23949719592928886,3
133,0.75723386,0.24276614785194398,0.763752,0.23624790832400322,3
134,0.84421426,0.15578585863113403,0.7498665,0.25013355910778046,3
135,0.84009254,0.159907466173172,0.7719241,0.22807594016194344,3
136,0.8208507,0.1791492760181427,0.76927906,0.23072097823023796,3
137,0.77365243,0.22634754180908204,0.7518519,0.2481481283903122,3
138,0.8214943,0.17850565910339355,0.7756963,0.2243037112057209,3
139,0.7539731,0.2460269510746002,0.76536524,0.23463475331664085,3
140,0.81975096,0.18024902939796447,0.77349967,0.22650033980607986,3
141,0.80642575,0.19357431530952454,0.76188457,0.23811547830700874,3
142,0.7916537,0.20834635496139525,0.7766531,0.22334687039256096,3
143,0.8253495,0.17465049028396606,0.72940916,0.2705908343195915,3
144,0.8396265,0.16037347316741943,0.7704569,0.22954308614134789,3
145,0.8018006,0.19819939136505127,0.7612892,0.23871083557605743,3
146,0.7211768,0.278823184967041,0.7823768,0.21762310713529587,3
147,0.77287894,0.2271210730075836,0.7770479,0.22295204550027847,3
148,0.7905605,0.20943952202796937,0.7666547,0.23334529250860214,3
149,0.8081325,0.19186742305755616,0.76857316,0.23142682760953903,3
150,0.7590703,0.2409297466278076,0.77258116,0.22741885110735893,3
151,0.7653683,0.2346316933631897,0.7631745,0.23682556673884392,3
152,0.8110137,0.18898628354072572,0.7565964,0.24340367317199707,3
153,0.7654983,0.23450174331665039,0.7584387,0.24156122654676437,3
154,0.8278114,0.1721885919570923,0.77119565,0.22880440205335617,3
155,0.8115674,0.18843261599540712,0.779283,0.22071703150868416,3
156,0.7559972,0.24400280714035033,0.76270306,0.2372969575226307,3
157,0.7847406,0.21525939106941222,0.7833214,0.2166786529123783,3
158,0.8068348,0.19316518902778626,0.76155996,0.23843997716903687,3
159,0.81815946,0.18184056878089905,0.77856785,0.2214321456849575,3
160,0.75714445,0.24285550117492677,0.7754692,0.22453081235289574,3
161,0.8323647,0.16763533353805543,0.78645724,0.21354273706674576,3
162,0.74019516,0.2598049283027649,0.76842946,0.23157047107815742,3
163,0.76091903,0.239080947637558,0.7854336,0.21456634625792503,3
164,0.7399827,0.26001724004745486,0.7591686,0.2408314198255539,3
165,0.7923444,0.20765565037727357,0.77657896,0.22342101857066154,3
166,0.78362465,0.21637524366378785,0.7809216,0.2190784439444542,3
167,0.7582388,0.2417612075805664,0.7787748,0.22122524306178093,3
168,0.8129597,0.18704035878181458,0.7801721,0.21982791274785995,3
169,0.78838485,0.21161514520645142,0.7875455,0.21245456114411354,3
170,0.8226818,0.1773182272911072,0.757114,0.2428860291838646,3
171,0.7874282,0.2125718355178833,0.7625422,0.2374577559530735,3
172,0.77223927,0.22776074409484864,0.75757134,0.24242865666747093,3
173,0.8264362,0.1735638439655304,0.746703,0.25329696759581566,3
174,0.8034298,0.19657024145126342,0.7723575,0.2276424765586853,3
175,0.78068846,0.2193114638328552,0.75909066,0.24090931937098503,3
176,0.7597879,0.2402121305465698,0.775474,0.22452595084905624,3
177,0.7563147,0.2436853229999542,0.7778648,0.22213522344827652,3
178,0.7897316,0.21026830673217772,0.73545444,0.2645454667508602,3
179,0.7806085,0.2193915903568268,0.7816439,0.21835611388087273,3
180,0.8415543,0.15844579339027404,0.7760986,0.22390129789710045,3
181,0.7958683,0.20413169264793396,0.7831176,0.21688246726989746,3
182,0.7656674,0.23433260917663573,0.78795755,0.21204254403710365,3
183,0.82251394,0.17748595476150514,0.7793125,0.22068748250603676,3
184,0.7976291,0.20237079858779908,0.7804143,0.21958573535084724,3
185,0.81136197,0.1886380136013031,0.78709346,0.21290653944015503,3
186,0.7979649,0.20203519463539124,0.77052885,0.22947119548916817,3
187,0.8136487,0.1863512396812439,0.7883361,0.21166379749774933,3
188,0.822748,0.17725196480751038,0.783508,0.21649202331900597,3
189,0.8295396,0.17046037316322327,0.77627605,0.22372401505708694,3
190,0.7545272,0.24547280073165895,0.7865437,0.2134561762213707,3
191,0.80485314,0.19514684081077577,0.77799726,0.22200267761945724,3
192,0.8718397,0.1281602144241333,0.7879169,0.21208303049206734,3
193,0.7983769,0.20162311792373658,0.7830523,0.21694762259721756,3
194,0.83683145,0.1631684720516205,0.78971463,0.2102852761745453,3
195,0.7966067,0.20339320302009584,0.7855981,0.21440181881189346,3
196,0.82527477,0.17472533583641053,0.7880807,0.21191931888461113,3
197,0.81336784,0.18663217425346373,0.7975347,0.20246529206633568,3
198,0.78259546,0.21740447282791137,0.7890172,0.2109827771782875,3
199,0.80524206,0.19475796818733215,0.7933085,0.2066914439201355,3
200,0.8145231,0.18547688126564027,0.77685386,0.22314612567424774,3
201,0.84006536,0.15993455648422242,0.79453635,0.20546362549066544,3
202,0.81716985,0.18283012509346008,0.7907938,0.2092062495648861,3
203,0.7741885,0.2258114993572235,0.793488,0.2065119370818138,3
204,0.82762223,0.17237776517868042,0.7977145,0.2022855393588543,3
205,0.7658731,0.23412688374519347,0.7913644,0.2086356244981289,3
206,0.8070283,0.1929717779159546,0.7905096,0.20949040353298187,3
207,0.82141274,0.17858718037605287,0.79441434,0.20558561012148857,3
208,0.7818591,0.21814082860946654,0.7939662,0.2060338668525219,3
209,0.8254099,0.1745900332927704,0.79551935,0.20448067411780357,3
210,0.87089527,0.12910475134849547,0.76288915,0.237110897898674,3
211,0.81450796,0.18549200892448425,0.79477596,0.20522398129105568,3
212,0.78820026,0.2117997646331787,0.79075,0.20924998074769974,3
213,0.8081175,0.1918825626373291,0.7925964,0.20740368962287903,3
214,0.8614887,0.1385112762451172,0.7710424,0.22895751520991325,3
215,0.80995893,0.19004108309745787,0.7955853,0.20441467314958572,3
216,0.81540215,0.18459789752960204,0.76454073,0.23545930907130241,3
217,0.77037555,0.22962448596954346,0.7921488,0.20785124972462654,3
218,0.7635994,0.2364006221294403,0.7878044,0.21219567209482193,3
219,0.78320974,0.2167902410030365,0.7763333,0.2236667275428772,3
220,0.7774104,0.22258964776992798,0.7856844,0.21431555971503258,3
221,0.85436374,0.14563632011413574,0.7896161,0.21038393676280975,3
222,0.8258871,0.17411286234855652,0.7783184,0.2216816060245037,3
223,0.83490545,0.16509451270103453,0.7899347,0.21006528660655022,3
224,0.79841155,0.2015884578227997,0.7756399,0.22435995191335678,3
225,0.7821375,0.21786256432533263,0.7882009,0.2117990218102932,3
226,0.82452554,0.17547449469566345,0.79235584,0.20764412358403206,3
227,0.8396636,0.16033649444580078,0.79491854,0.20508146286010742,3
228,0.79210055,0.2078993797302246,0.7691626,0.230837382376194,3
229,0.8195615,0.1804385244846344,0.79071265,0.2092873379588127,3
230,0.80431783,0.1956820785999298,0.7814902,0.2185097560286522,3
231,0.76916283,0.23083717823028566,0.7853884,0.21461153402924538,3
232,0.7837926,0.21620739102363587,0.7906822,0.2093179188668728,3
233,0.80568343,0.19431662559509277,0.78182,0.21817995980381966,3
234,0.8509799,0.14902012348175048,0.7943289,0.20567100122570992,3
235,0.8188797,0.18112027645111084,0.7959811,0.20401882380247116,3
236,0.82047766,0.1795222818851471,0.7959629,0.20403709262609482,3
237,0.82626563,0.17373431324958802,0.7864693,0.21353073045611382,3
238,0.81495494,0.18504504561424256,0.7908125,0.20918752998113632,3
239,0.758921,0.24107908010482787,0.7823194,0.21768063679337502,3
240,0.814713,0.18528700470924378,0.76577836,0.2342216782271862,3
241,0.77171195,0.22828795313835143,0.7941836,0.2058163695037365,3
242,0.8194073,0.1805926501750946,0.7918434,0.20815657079219818,3
243,0.82765895,0.17234105467796326,0.7882711,0.21172887459397316,3
244,0.81816196,0.1818379580974579,0.7836705,0.2163296416401863,3
245,0.82969284,0.1703071415424347,0.79370135,0.20629872381687164,3
246,0.81811273,0.18188729286193847,0.7789842,0.22101588174700737,3
247,0.8013338,0.19866618514060974,0.79967207,0.20032791793346405,3
248,0.80577457,0.19422539472579955,0.7913338,0.20866622030735016,3
249,0.8083866,0.19161337614059448,0.7960251,0.20397492498159409,3
250,0.84123385,0.1587661862373352,0.79778904,0.2022109366953373,3
251,0.80723727,0.19276275038719176,0.78484344,0.21515654399991035,3
252,0.80487317,0.19512674808502198,0.7953697,0.2046302780508995,3
253,0.82212865,0.17787129878997804,0.77485454,0.22514544427394867,3
254,0.8261744,0.1738257050514221,0.78729224,0.2127077467739582,3
255,0.81988966,0.1801104485988617,0.790567,0.2094329483807087,3
256,0.78974223,0.21025778651237487,0.79236394,0.2076360508799553,3
257,0.79366964,0.20633033514022828,0.79610556,0.2038944773375988,3
258,0.8360033,0.163996684551239,0.7995194,0.2004806585609913,3
259,0.79616636,0.20383368134498597,0.79235464,0.20764530822634697,3
260,0.8423606,0.15763942003250123,0.7942314,0.20576856285333633,3
261,0.836119,0.1638810396194458,0.7985708,0.20142914727330208,3
262,0.8262779,0.1737220585346222,0.76396006,0.23603997752070427,3
263,0.7740156,0.22598437070846558,0.80310994,0.19689001888036728,3
264,0.8252314,0.17476859092712402,0.797642,0.20235805585980415,3
265,0.82858145,0.1714185118675232,0.7947956,0.20520437508821487,3
266,0.8389942,0.1610058307647705,0.7973403,0.20265967398881912,3
267,0.81480056,0.18519942164421083,0.7913534,0.20864667370915413,3
268,0.83405703,0.16594290137290954,0.79835206,0.20164793357253075,3
269,0.8558327,0.1441673219203949,0.79376876,0.20623117312788963,3
270,0.7932824,0.2067176103591919,0.7985783,0.2014215998351574,3
271,0.8079835,0.19201655983924865,0.7914043,0.2085956260561943,3
272,0.7767037,0.22329624891281127,0.7974328,0.20256725326180458,3
273,0.80767137,0.1923286259174347,0.7981762,0.20182384178042412,3
274,0.80398524,0.19601473212242126,0.7848687,0.21513138711452484,3
275,0.80221415,0.197785884141922,0.7953231,0.20467688888311386,3
276,0.80915654,0.1908434510231018,0.7926252,0.20737481862306595,3
277,0.80337286,0.19662710428237914,0.7947937,0.20520633459091187,3
278,0.8122724,0.18772754669189454,0.78359276,0.21640732139348984,3
279,0.78194267,0.21805741190910338,0.7954247,0.2045753225684166,3
280,0.82394207,0.17605788707733155,0.7964521,0.20354793593287468,3
281,0.80958,0.19042001366615297,0.80119485,0.19880512356758118,3
282,0.8179552,0.18204478025436402,0.7779647,0.22203518822789192,3
283,0.8090806,0.19091939330101013,0.7977956,0.20220442861318588,3
284,0.82518023,0.1748197853565216,0.78090745,0.21909253299236298,3
285,0.8269359,0.1730641484260559,0.7987888,0.20121118798851967,3
286,0.8058891,0.19411094188690187,0.8001991,0.19980088248848915,3
287,0.81063855,0.18936141729354858,0.7842969,0.2157030776143074,3
288,0.82785624,0.17214377522468566,0.79283184,0.20716819539666176,3
289,0.81028336,0.18971664905548097,0.79445493,0.20554504916071892,3
290,0.8533859,0.14661402702331544,0.7967597,0.20324022322893143,3
291,0.78757584,0.21242416501045228,0.7925441,0.20745590329170227,3
292,0.8361702,0.16382986903190613,0.7898169,0.21018314361572266,3
293,0.83577955,0.16422051191329956,0.8051624,0.19483760371804237,3
294,0.8296243,0.17037565708160402,0.79529923,0.20470067858695984,3
295,0.8384101,0.1615898847579956,0.8002795,0.19972054287791252,3
296,0.8349854,0.16501461267471312,0.7947874,0.20521260797977448,3
297,0.8007824,0.19921756386756898,0.79811364,0.2018863521516323,3
298,0.81813544,0.18186452388763427,0.7991459,0.20085414126515388,3
299,0.83449155,0.16550843715667723,0.7876318,0.2123681791126728,3
0,0.3462812,0.6537187814712524,0.34549183,0.654508214443922,4
1,0.34667295,0.6533270239830017,0.3529952,0.6470048427581787,4
2,0.35728055,0.642719441652298,0.3648277,0.6351723037660122,4
3,0.3729377,0.6270622670650482,0.3814522,0.6185477711260319,4
4,0.38986877,0.6101312637329102,0.4020148,0.597985215485096,4
5,0.41261235,0.5873876094818116,0.42496538,0.575034610927105,4
6,0.43619022,0.5638097703456879,0.44772017,0.5522798411548138,4
7,0.455443,0.5445569932460785,0.46653843,0.5334615372121334,4
8,0.47666883,0.5233311533927918,0.4854394,0.5145606324076653,4
9,0.4891327,0.5108672916889191,0.49849445,0.501505509018898,4
10,0.50830215,0.4916977882385254,0.51096773,0.4890322908759117,4
11,0.5237404,0.4762596130371094,0.5238999,0.4761001095175743,4
12,0.5163316,0.4836683690547943,0.53281856,0.4671814776957035,4
13,0.5278203,0.47217966318130494,0.54007936,0.4599206820130348,4
14,0.5383588,0.46164120435714723,0.5485947,0.4514053091406822,4
15,0.59761417,0.40238580107688904,0.5595195,0.44048045948147774,4
16,0.5589946,0.4410054266452789,0.5655358,0.43446413055062294,4
17,0.5908973,0.40910271406173704,0.5757815,0.4242185279726982,4
18,0.5900063,0.40999370217323305,0.5775954,0.4224046319723129,4
19,0.609985,0.3900149703025818,0.59371483,0.4062851071357727,4
20,0.6009608,0.3990391969680786,0.593244,0.4067560024559498,4
21,0.6065582,0.3934417724609375,0.59018815,0.4098118767142296,4
22,0.6656897,0.33431028127670287,0.61216956,0.387830451130867,4
23,0.55794704,0.44205297231674195,0.60900456,0.3909953907132149,4
24,0.67146534,0.3285346746444702,0.62034345,0.3796565644443035,4
25,0.6045911,0.39540892243385317,0.6281795,0.37182043865323067,4
26,0.72391474,0.2760853350162506,0.6460848,0.35391518101096153,4
27,0.6408928,0.35910720825195314,0.6392767,0.3607233464717865,4
28,0.6733646,0.32663537859916686,0.6533237,0.3466763086616993,4
29,0.68565166,0.3143483877182007,0.65544766,0.3445523865520954,4
30,0.64368105,0.35631895065307617,0.65925324,0.3407466970384121,4
31,0.7206845,0.27931550741195676,0.643098,0.35690197721123695,4
32,0.6642298,0.3357702374458313,0.6634363,0.33656366541981697,4
33,0.73059165,0.2694083213806152,0.6425545,0.35744549706578255,4
34,0.7692288,0.23077116012573243,0.6706802,0.3293197490274906,4
35,0.65690595,0.3430940568447113,0.6745428,0.32545727491378784,4
36,0.6790749,0.32092511653900146,0.67189974,0.32810021936893463,4
37,0.7151236,0.2848763942718506,0.68004626,0.31995370239019394,4
38,0.7272784,0.27272157073020936,0.6752,0.3248000033199787,4
39,0.6971078,0.3028922140598297,0.6898227,0.3101773373782635,4
40,0.65711373,0.3428862035274506,0.686239,0.31376104801893234,4
41,0.76141995,0.2385800302028656,0.67875695,0.3212430365383625,4
42,0.6974126,0.3025874555110931,0.6885131,0.3114868141710758,4
43,0.67707396,0.32292609810829165,0.68458116,0.3154187612235546,4
44,0.75118077,0.24881915450096131,0.6983366,0.3016633726656437,4
45,0.68419325,0.3158068060874939,0.70795745,0.2920425273478031,4
46,0.6568287,0.3431712746620178,0.6971753,0.3028246611356735,4
47,0.7255899,0.27441014647483825,0.6765342,0.32346584275364876,4
48,0.7210933,0.2789067327976227,0.70008814,0.29991183429956436,4
49,0.7304245,0.2695755124092102,0.7046817,0.2953183203935623,4
50,0.73028404,0.26971598863601687,0.70532876,0.29467128217220306,4
51,0.78286576,0.21713427901268006,0.7011861,0.2988138943910599,4
52,0.7368584,0.26314159035682677,0.7060564,0.2939436323940754,4
53,0.77499413,0.22500590085983277,0.6913583,0.3086416982114315,4
54,0.7326804,0.2673196315765381,0.70663893,0.2933610714972019,4
55,0.7845143,0.21548566818237305,0.7109463,0.28905369713902473,4
56,0.7674761,0.23252391219139099,0.7139078,0.2860921807587147,4
57,0.78052926,0.21947075724601744,0.7061248,0.29387523233890533,4
58,0.7594972,0.24050272703170777,0.6857533,0.31424667686223984,4
59,0.73220545,0.26779457926750183,0.7090302,0.2909698113799095,4
60,0.655042,0.3449580490589142,0.7198916,0.2801083214581013,4
61,0.7072314,0.2927685797214508,0.7063631,0.293636929243803,4
62,0.7555048,0.24449521899223328,0.6971329,0.3028670661151409,4
63,0.75281703,0.2471828818321228,0.69614524,0.3038547597825527,4
64,0.7121344,0.2878656029701233,0.7148692,0.28513071686029434,4
65,0.76039624,0.2396036922931671,0.69439656,0.3056035004556179,4
66,0.7512778,0.24872214794158937,0.7159994,0.28400054574012756,4
67,0.7278755,0.272124582529068,0.70609874,0.2939012013375759,4
68,0.7499468,0.2500532031059265,0.7153144,0.284685630351305,4
69,0.7571318,0.24286819696426393,0.71001434,0.28998563066124916,4
70,0.77037466,0.2296254515647888,0.7222024,0.27779751271009445,4
71,0.7884091,0.21159082055091857,0.7275038,0.27249620482325554,4
72,0.7886034,0.21139654517173767,0.70525473,0.29474522545933723,4
73,0.786309,0.21369101405143737,0.71382356,0.2861764207482338,4
74,0.8022417,0.19775822758674622,0.72026825,0.27973174676299095,4
75,0.7964221,0.2035779118537903,0.70472187,0.2952780947089195,4
76,0.78596437,0.2140356719493866,0.7147045,0.2852955423295498,4
77,0.81306475,0.18693524599075317,0.72075623,0.27924374863505363,4
78,0.77377737,0.22622257471084595,0.7353017,0.2646983005106449,4
79,0.78317124,0.2168287992477417,0.7272132,0.27278681844472885,4
80,0.80537355,0.1946264088153839,0.7247628,0.27523716539144516,4
81,0.79885566,0.20114437341690064,0.7298632,0.27013666182756424,4
82,0.7819046,0.2180953800678253,0.71653986,0.2834600508213043,4
83,0.7507896,0.24921045899391175,0.71383154,0.28616852685809135,4
84,0.7310473,0.2689527153968811,0.7372124,0.262787614017725,4
85,0.7765858,0.223414146900177,0.7359278,0.26407209783792496,4
86,0.74345165,0.2565483689308167,0.728473,0.2715269476175308,4
87,0.76217,0.23783002495765687,0.7520911,0.24790892377495766,4
88,0.7742903,0.22570967078208923,0.7378544,0.26214558631181717,4
89,0.7431368,0.2568631887435913,0.7499707,0.25002923235297203,4
90,0.7553293,0.24467067718505858,0.7488497,0.25115031003952026,4
91,0.7511109,0.24888910055160524,0.73420095,0.26579903438687325,4
92,0.7712571,0.22874287366867066,0.73239106,0.26760901883244514,4
93,0.786742,0.2132580041885376,0.7348206,0.2651794105768204,4
94,0.82167846,0.17832160592079163,0.72509366,0.27490633353590965,4
95,0.7946471,0.20535284280776978,0.7358657,0.2641342803835869,4
96,0.7640998,0.23590022921562195,0.7344303,0.2655697576701641,4
97,0.73764205,0.2623579204082489,0.7515887,0.24841129034757614,4
98,0.7840559,0.21594412326812745,0.73971176,0.2602882832288742,4
99,0.79381144,0.20618858933448792,0.7424906,0.25750940293073654,4
100,0.75714827,0.24285175800323486,0.7461494,0.25385063514113426,4
101,0.8071002,0.19289976358413696,0.73161775,0.2683821804821491,4
102,0.78455687,0.21544312834739685,0.74347734,0.2565227225422859,4
103,0.7596402,0.24035978317260742,0.74762326,0.2523767575621605,4
104,0.8173987,0.18260125517845155,0.75968164,0.24031827971339226,4
105,0.7818596,0.21814038157463073,0.7521787,0.24782124906778336,4
106,0.7336796,0.26632041335105894,0.74189496,0.2581051103770733,4
107,0.7713224,0.22867757678031922,0.7561443,0.24385564774274826,4
108,0.78878456,0.21121541261672974,0.752215,0.2477850317955017,4
109,0.7388731,0.2611268639564514,0.75423044,0.24576964601874352,4
110,0.80131465,0.19868537187576293,0.7402084,0.25979160889983177,4
111,0.81030685,0.18969303965568543,0.7331004,0.26689963042736053,4
112,0.7747563,0.22524366974830629,0.756312,0.2436879388988018,4
113,0.77446306,0.22553689479827882,0.76031417,0.2396857999265194,4
114,0.7749694,0.22503058910369872,0.76567745,0.23432252928614616,4
115,0.75210875,0.24789125323295594,0.7301032,0.26989681646227837,4
116,0.78498185,0.21501818299293518,0.76422805,0.23577190563082695,4
117,0.8468278,0.15317227244377135,0.71916056,0.2808394618332386,4
118,0.7976304,0.2023696184158325,0.7649461,0.2350539080798626,4
119,0.8087476,0.19125245213508607,0.7350897,0.26491033285856247,4
120,0.8399154,0.16008468270301818,0.7455542,0.2544458620250225,4
121,0.7920076,0.2079923689365387,0.7584047,0.24159524217247963,4
122,0.78841424,0.21158575415611267,0.75634366,0.24365636333823204,4
123,0.8356431,0.16435691714286804,0.7446075,0.25539253279566765,4
124,0.76721,0.23278998732566833,0.75844526,0.24155473709106445,4
125,0.7721355,0.22786448001861573,0.74187773,0.2581222578883171,4
126,0.7744805,0.22551944851875305,0.7541745,0.24582546204328537,4
127,0.8072566,0.19274341464042663,0.75714916,0.24285079166293144,4
128,0.75821525,0.24178472757339478,0.74412906,0.25587093085050583,4
129,0.8298563,0.17014371752738952,0.75812125,0.24187879636883736,4
130,0.7847471,0.21525290012359619,0.7701534,0.22984662279486656,4
131,0.84605235,0.15394773483276367,0.71704024,0.2829597666859627,4
132,0.8071591,0.19284082055091858,0.759522,0.24047799035906792,4
133,0.79520315,0.20479683876037597,0.7361036,0.26389632001519203,4
134,0.7916461,0.20835390090942382,0.7655117,0.23448842018842697,4
135,0.7803414,0.21965863108634948,0.75934345,0.24065656960010529,4
136,0.80170983,0.1982901692390442,0.74306893,0.25693101808428764,4
137,0.73313373,0.26686625480651854,0.7408423,0.2591577395796776,4
138,0.7989964,0.20100359320640565,0.7478786,0.25212128460407257,4
139,0.7630364,0.23696362972259521,0.7661633,0.23383674025535583,4
140,0.77376807,0.22623186707496643,0.77237755,0.22762245312333107,4
141,0.808218,0.1917819380760193,0.754013,0.2459869123995304,4
142,0.79500765,0.20499231815338134,0.7623261,0.23767386749386787,4
143,0.80256355,0.1974364697933197,0.75242734,0.24757269397377968,4
144,0.8383147,0.16168521642684935,0.76068354,0.23931648209691048,4
145,0.8055461,0.19445388317108153,0.7609363,0.23906374350190163,4
146,0.8363681,0.1636318564414978,0.7490861,0.2509138956665993,4
147,0.81109494,0.1889050781726837,0.750967,0.24903298914432526,4
148,0.8382765,0.16172343492507935,0.74920094,0.2507990784943104,4
149,0.82083225,0.17916773557662963,0.73758304,0.26241691038012505,4
150,0.8299044,0.17009568214416504,0.77731764,0.2226824089884758,4
151,0.7860295,0.21397048830986024,0.76580226,0.2341977320611477,4
152,0.7771433,0.2228567898273468,0.7741253,0.2258746735751629,4
153,0.7822269,0.21777310371398925,0.74591404,0.25408603250980377,4
154,0.7930041,0.20699594020843506,0.7465503,0.2534497305750847,4
155,0.8467792,0.1532207250595093,0.7756308,0.22436916455626488,4
156,0.79081887,0.20918116569519044,0.77488655,0.2251134216785431,4
157,0.83360195,0.16639806628227233,0.7575967,0.242403332144022,4
158,0.79205436,0.20794561505317688,0.76329637,0.2367035634815693,4
159,0.80904084,0.19095914363861083,0.7423097,0.25769028067588806,4
160,0.78713006,0.21286993622779846,0.77681816,0.22318185120821,4
161,0.81055915,0.18944082856178285,0.7546593,0.24534065276384354,4
162,0.7946729,0.20532711148262023,0.7784996,0.22150034829974174,4
163,0.79612094,0.2038791298866272,0.76044613,0.2395538091659546,4
164,0.7919253,0.2080746352672577,0.7793624,0.22063760086894035,4
165,0.7986393,0.20136061906814576,0.76761293,0.23238714784383774,4
166,0.7871835,0.21281643509864806,0.7691399,0.23086006939411163,4
167,0.8328625,0.16713762879371644,0.78048253,0.21951740980148315,4
168,0.8329209,0.16707908511161804,0.77352023,0.22647980600595474,4
169,0.7772294,0.2227705955505371,0.7420831,0.25791704654693604,4
170,0.7484662,0.2515337824821472,0.74425566,0.2557442933320999,4
171,0.8182192,0.18178086280822753,0.7434105,0.25658949464559555,4
172,0.7664343,0.23356570601463317,0.75699574,0.24300434067845345,4
173,0.77657896,0.22342100143432617,0.74060965,0.2593903988599777,4
174,0.8023138,0.19768611192703248,0.7786138,0.2213861234486103,4
175,0.753033,0.2469671070575714,0.7563648,0.24363521486520767,4
176,0.82647264,0.17352742552757264,0.7661627,0.23383724689483643,4
177,0.81793547,0.18206462860107422,0.7593155,0.2406844012439251,4
178,0.8179262,0.18207382559776306,0.7622596,0.2377404347062111,4
179,0.8472325,0.15276742577552796,0.76359075,0.23640921711921692,4
180,0.81094664,0.18905333876609803,0.77743506,0.22256501764059067,4
181,0.80561674,0.19438328146934508,0.7488656,0.2511344477534294,4
182,0.83224934,0.16775060296058655,0.77431965,0.22568034008145332,4
183,0.7951323,0.20486773252487184,0.7486279,0.2513720281422138,4
184,0.8017081,0.19829180240631103,0.7639755,0.23602446168661118,4
185,0.8646415,0.13535856008529662,0.76723135,0.23276862129569054,4
186,0.8164317,0.18356826901435852,0.74731445,0.2526855766773224,4
187,0.8109652,0.1890348970890045,0.76970226,0.23029769584536552,4
188,0.79051423,0.20948574542999268,0.7605,0.2395000122487545,4
189,0.83330506,0.16669500470161439,0.78775835,0.21224170550704002,4
190,0.8062458,0.19375417232513428,0.7864209,0.21357909962534904,4
191,0.84647405,0.15352588891983032,0.76932776,0.2306722104549408,4
192,0.8102754,0.18972458243370055,0.7867211,0.2132788822054863,4
193,0.8298626,0.17013742327690123,0.75861144,0.24138855189085007,4
194,0.81992114,0.18007885217666625,0.76037973,0.23962020128965378,4
195,0.77527314,0.2247268259525299,0.7618449,0.23815510421991348,4
196,0.7745368,0.22546313405036927,0.75230575,0.2476942017674446,4
197,0.84549284,0.15450711250305177,0.77007174,0.22992825880646706,4
198,0.83443546,0.16556461453437804,0.762651,0.2373490110039711,4
199,0.8490472,0.15095276832580568,0.7722453,0.22775473445653915,4
200,0.7835272,0.2164727568626404,0.7572518,0.24274827167391777,4
201,0.8394046,0.16059542894363404,0.76885337,0.23114660382270813,4
202,0.84046745,0.1595325767993927,0.7643317,0.23566827550530434,4
203,0.8199295,0.18007052540779114,0.7654572,0.23454280942678452,4
204,0.8175184,0.18248152136802673,0.7472494,0.25275058671832085,4
205,0.79059285,0.20940712094306946,0.77624804,0.2237520068883896,4
206,0.80771255,0.1922874391078949,0.7467095,0.253290593624115,4
207,0.8124844,0.1875156044960022,0.78350526,0.21649464592337608,4
208,0.75473386,0.2452662169933319,0.75564456,0.2443554513156414,4
209,0.80383873,0.1961612284183502,0.77897274,0.2210271991789341,4
210,0.8150771,0.18492286801338195,0.7686521,0.2313479334115982,4
211,0.80049115,0.19950889945030212,0.7629649,0.23703504353761673,4
212,0.8388975,0.16110242009162903,0.7557648,0.24423525109887123,4
213,0.8396427,0.1603573203086853,0.7719157,0.22808430343866348,4
214,0.7799291,0.2200709640979767,0.7585564,0.24144354835152626,4
215,0.8176068,0.1823930859565735,0.7705806,0.22941947728395462,4
216,0.8475419,0.1524580478668213,0.77606946,0.22393061220645905,4
217,0.823318,0.17668197751045228,0.76593536,0.23406464233994484,4
218,0.82803106,0.17196889519691466,0.78327787,0.21672211214900017,4
219,0.8625673,0.13743268847465515,0.7809201,0.21907984092831612,4
220,0.80551386,0.1944860637187958,0.75533575,0.24466417357325554,4
221,0.8551345,0.14486558437347413,0.77060604,0.22939396277070045,4
222,0.8320013,0.16799865365028382,0.7760308,0.22396913915872574,4
223,0.8201455,0.17985448837280274,0.7771535,0.22284657508134842,4
224,0.83675325,0.1632468044757843,0.7672413,0.23275870457291603,4
225,0.817039,0.18296100497245787,0.784797,0.2152029424905777,4
226,0.819314,0.18068593740463257,0.7599373,0.24006269127130508,4
227,0.83911145,0.16088854670524597,0.779146,0.2208540290594101,4
228,0.8494517,0.15054827332496643,0.773245,0.2267550714313984,4
229,0.8278494,0.1721506357192993,0.7555437,0.24445630609989166,4
230,0.87339145,0.1266084849834442,0.7617345,0.2382654845714569,4
231,0.8573068,0.14269325137138367,0.76884395,0.23115601018071175,4
232,0.8058063,0.19419373273849488,0.7729335,0.2270665280520916,4
233,0.8312399,0.16876009106636047,0.7726261,0.22737399488687515,4
234,0.85260993,0.14739001989364625,0.76190156,0.2380983978509903,4
235,0.83908194,0.16091810464859008,0.7723572,0.22764280065894127,4
236,0.81611073,0.18388933539390565,0.77028453,0.2297155298292637,4
237,0.8467642,0.15323582291603088,0.79341054,0.2065894939005375,4
238,0.8486088,0.15139124393463135,0.78003407,0.21996600180864334,4
239,0.8335948,0.16640514731407166,0.7945412,0.20545868575572968,4
240,0.8421785,0.15782145857810975,0.7777486,0.22225146740674973,4
241,0.82318133,0.17681864500045777,0.7824244,0.21757560968399048,4
242,0.8607049,0.13929508328437806,0.7924262,0.2075738050043583,4
243,0.82765865,0.17234134078025817,0.7711906,0.2288094274699688,4
244,0.8052352,0.19476484656333923,0.7528937,0.24710633978247643,4
245,0.8261884,0.17381161451339722,0.7784954,0.22150467708706856,4
246,0.8461027,0.15389723777770997,0.7613056,0.2386944368481636,4
247,0.81068146,0.18931853771209717,0.7618354,0.23816459625959396,4
248,0.80043775,0.19956227540969848,0.7910229,0.2089770771563053,4
249,0.8234741,0.17652593851089476,0.76742387,0.23257612437009811,4
250,0.80272114,0.19727885723114014,0.7885597,0.2114402875304222,4
251,0.80066144,0.19933857321739196,0.77078545,0.22921445220708847,4
252,0.7829031,0.21709693670272828,0.7784921,0.22150792181491852,4
253,0.7583531,0.24164679050445556,0.8013925,0.19860754534602165,4
254,0.75917375,0.24082629680633544,0.7611513,0.2388487048447132,4
255,0.81207407,0.1879258394241333,0.7782392,0.22176078706979752,4
256,0.79876935,0.20123063325881957,0.7983684,0.20163165405392647,4
257,0.80197394,0.19802608489990234,0.7863977,0.21360231935977936,4
258,0.81868064,0.1813193142414093,0.78809524,0.21190470457077026,4
259,0.83544576,0.16455420851707458,0.78809935,0.21190066635608673,4
260,0.817828,0.18217204213142396,0.776414,0.22358599677681923,4
261,0.82732993,0.1726700782775879,0.78849924,0.21150075271725655,4
262,0.79573524,0.20426480770111083,0.77413195,0.22586806118488312,4
263,0.8327508,0.1672492265701294,0.78241456,0.21758545190095901,4
264,0.8393053,0.1606946647167206,0.7891628,0.21083713695406914,4
265,0.8224336,0.17756638526916504,0.77987504,0.2201250046491623,4
266,0.8048156,0.1951844274997711,0.7822531,0.21774690225720406,4
267,0.8309857,0.1690142571926117,0.79478014,0.20521985366940498,4
268,0.8229467,0.17705319523811341,0.766524,0.2334759719669819,4
269,0.8267616,0.17323837280273438,0.78927374,0.2107263319194317,4
270,0.7984636,0.20153642892837526,0.78008157,0.21991832554340363,4
271,0.8669367,0.13306335210800171,0.78438544,0.21561453863978386,4
272,0.8453804,0.15461954474449158,0.79578304,0.20421692728996277,4
273,0.79415524,0.2058447301387787,0.77424186,0.22575807943940163,4
274,0.8234482,0.17655179500579835,0.7987114,0.20128854364156723,4
275,0.772056,0.22794403433799743,0.7823547,0.2176453433930874,4
276,0.8447663,0.1552336633205414,0.7957039,0.20429613441228867,4
277,0.8105923,0.18940767049789428,0.7579118,0.2420881800353527,4
278,0.84561384,0.15438612103462218,0.78207797,0.21792205423116684,4
279,0.81762666,0.18237330317497252,0.7781376,0.22186234220862389,4
280,0.8544386,0.14556140303611756,0.7824956,0.2175043225288391,4
281,0.8407815,0.15921844840049743,0.7838202,0.21617982536554337,4
282,0.82659733,0.17340266108512878,0.79248744,0.2075125016272068,4
283,0.8353327,0.1646673023700714,0.78299123,0.21700875461101532,4
284,0.8118044,0.188195663690567,0.7830334,0.21696660667657852,4
285,0.7613927,0.23860729932785035,0.7656516,0.23434844985604286,4
286,0.8544515,0.14554848074913024,0.7860141,0.21398593112826347,4
287,0.83187866,0.1681213617324829,0.78277373,0.2172262966632843,4
288,0.80860597,0.19139408469200134,0.77489793,0.2251020409166813,4
289,0.8321397,0.1678602635860443,0.78185886,0.21814114600419998,4
290,0.8050758,0.19492412209510804,0.78058624,0.21941378340125084,4
291,0.85895336,0.1410466253757477,0.7934024,0.20659766346216202,4
292,0.78893816,0.2110618531703949,0.79397845,0.20602145418524742,4
293,0.8264905,0.17350947260856628,0.7673954,0.23260468244552612,4
294,0.8293619,0.17063810229301452,0.7791978,0.22080214694142342,4
295,0.79256505,0.20743486285209656,0.7807113,0.2192886583507061,4
296,0.8361451,0.1638548791408539,0.76859283,0.23140713945031166,4
297,0.8430973,0.15690262913703917,0.7785981,0.2214018702507019,4
298,0.8000352,0.19996482133865356,0.7736478,0.2263522446155548,4
299,0.7831309,0.21686905026435851,0.76692545,0.23307453840970993,4
0,0.33781973,0.6621802866458892,0.34983712,0.6501628905534744,5
1,0.34659892,0.6534010887145996,0.35633558,0.6436644122004509,5
2,0.35218075,0.6478192508220673,0.36701968,0.6329803206026554,5
3,0.36642042,0.6335796058177948,0.38294303,0.6170569211244583,5
4,0.3814882,0.6185117781162262,0.40334922,0.596650741994381,5
5,0.40935412,0.5906458795070648,0.42740065,0.5725993327796459,5
6,0.4318265,0.5681735157966614,0.45187902,0.5481210127472878,5
7,0.45108977,0.548910278081894,0.46992913,0.5300708375871181,5
8,0.48141137,0.5185886144638061,0.49320745,0.5067925341427326,5
9,0.49472275,0.5052773058414459,0.5074384,0.49256159737706184,5
10,0.5061759,0.4938240945339203,0.5244334,0.47556665912270546,5
11,0.5023922,0.4976078748703003,0.5332644,0.4667356349527836,5
12,0.5404681,0.4595318973064423,0.5443679,0.4556320831179619,5
13,0.5427876,0.45721237659454345,0.555116,0.4448840022087097,5
14,0.5472151,0.45278485417366027,0.56041193,0.4395880475640297,5
15,0.54748106,0.45251896381378176,0.57841164,0.42158836126327515,5
16,0.58279145,0.4172086179256439,0.59043175,0.4095682464540005,5
17,0.5710078,0.428992235660553,0.59182084,0.4081791341304779,5
18,0.59062403,0.409375935792923,0.6021414,0.3978586494922638,5
19,0.62500966,0.3749902963638306,0.59132665,0.40867334604263306,5
20,0.5885107,0.41148927211761477,0.61204463,0.38795531913638115,5
21,0.59680873,0.40319125056266786,0.6277231,0.3722768947482109,5
22,0.6839572,0.3160427689552307,0.61857986,0.38142014667391777,5
23,0.6898588,0.3101411461830139,0.6399683,0.3600316569209099,5
24,0.68368274,0.3163172841072083,0.62354416,0.3764559291303158,5
25,0.6843344,0.3156655848026276,0.6216435,0.3783565014600754,5
26,0.6466398,0.35336018800735475,0.6504264,0.3495735712349415,5
27,0.70859563,0.29140437841415406,0.65352595,0.3464740924537182,5
28,0.65532017,0.34467987418174745,0.6417372,0.3582627512514591,5
29,0.6920692,0.3079308748245239,0.65091056,0.34908948093652725,5
30,0.682409,0.3175910174846649,0.65075016,0.34924980252981186,5
31,0.7008263,0.2991737127304077,0.6615577,0.33844227343797684,5
32,0.69901764,0.3009823143482208,0.6640713,0.33592870458960533,5
33,0.70767593,0.292324024438858,0.66878426,0.3312157243490219,5
34,0.7555139,0.2444860816001892,0.6748292,0.325170811265707,5
35,0.7246616,0.27533838152885437,0.6789664,0.3210335336625576,5
36,0.7124862,0.2875137209892273,0.68217105,0.3178289122879505,5
37,0.6909732,0.30902673602104186,0.6793151,0.32068486511707306,5
38,0.7239674,0.2760326206684113,0.6844671,0.31553300842642784,5
39,0.6514925,0.34850754141807555,0.68559986,0.31440017372369766,5
40,0.70938355,0.2906164824962616,0.6954093,0.30459076538681984,5
41,0.6808555,0.319144481420517,0.6900764,0.30992361158132553,5
42,0.68828195,0.3117180228233337,0.68636537,0.31363464891910553,5
43,0.7229784,0.2770216345787048,0.69703704,0.3029629960656166,5
44,0.7364882,0.26351176500320433,0.69858384,0.30141614377498627,5
45,0.72419614,0.2758038640022278,0.7041846,0.2958153933286667,5
46,0.7496494,0.25035068988800047,0.70938724,0.2906127832829952,5
47,0.7642272,0.2357728123664856,0.6923559,0.30764415860176086,5
48,0.698044,0.3019559979438782,0.6895287,0.3104712516069412,5
49,0.73746794,0.2625320553779602,0.68842375,0.3115762211382389,5
50,0.72650075,0.27349929213523866,0.67645836,0.32354169711470604,5
51,0.7399148,0.26008522510528564,0.69511986,0.30488017946481705,5
52,0.7578023,0.24219763278961182,0.68747866,0.3125213608145714,5
53,0.7269035,0.27309653759002683,0.71261394,0.2873860150575638,5
54,0.7414299,0.25857011675834657,0.7180879,0.28191205859184265,5
55,0.7080977,0.2919022262096405,0.69807506,0.30192501842975616,5
56,0.7046363,0.29536380171775817,0.7156823,0.2843177542090416,5
57,0.72791266,0.2720872938632965,0.7158358,0.2841641716659069,5
58,0.759004,0.24099602103233336,0.71193445,0.2880655378103256,5
59,0.7117367,0.28826327323913575,0.72515184,0.274848036468029,5
60,0.7581963,0.24180369973182678,0.71487206,0.2851278595626354,5
61,0.790986,0.20901400446891785,0.7353737,0.26462629437446594,5
62,0.73618686,0.2638130605220795,0.7317084,0.26829158514738083,5
63,0.7141727,0.2858273029327393,0.72501665,0.27498334273695946,5
64,0.7112043,0.28879570960998535,0.73129994,0.268700011074543,5
65,0.74525785,0.2547421634197235,0.7137214,0.28627851977944374,5
66,0.77073085,0.2292691946029663,0.72415924,0.27584070712327957,5
67,0.8157506,0.184249347448349,0.7270594,0.2729405388236046,5
68,0.7558549,0.24414507150650025,0.73419094,0.2658090777695179,5
69,0.7913245,0.20867547988891602,0.73349917,0.2665008008480072,5
70,0.7436512,0.256348705291748,0.73831606,0.2616839185357094,5
71,0.72617453,0.2738254487514496,0.74038917,0.259610790759325,5
72,0.7730362,0.22696381211280822,0.7200824,0.27991754561662674,5
73,0.7641982,0.23580181002616882,0.7346547,0.26534528657794,5
74,0.765883,0.23411699533462524,0.7212986,0.2787013575434685,5
75,0.7650962,0.2349038302898407,0.7319796,0.2680204138159752,5
76,0.7332053,0.2667946755886078,0.7341525,0.26584743708372116,5
77,0.67645055,0.323549485206604,0.7304163,0.2695837505161762,5
78,0.7626679,0.2373320996761322,0.7417619,0.2582380250096321,5
79,0.7237806,0.27621946930885316,0.72465456,0.27534544840455055,5
80,0.7618397,0.23816030025482177,0.73074126,0.2692587524652481,5
81,0.7848717,0.2151283085346222,0.7427414,0.2572585418820381,5
82,0.7546693,0.24533071517944335,0.74832016,0.25167977809906006,5
83,0.7459849,0.25401502251625063,0.7424482,0.25755174458026886,5
84,0.7391578,0.2608421266078949,0.7427036,0.2572964057326317,5
85,0.794956,0.20504395365715028,0.74496657,0.2550334222614765,5
86,0.7720368,0.22796324491500855,0.74565107,0.2543489374220371,5
87,0.77625865,0.22374131083488463,0.7460568,0.25394315645098686,5
88,0.7478503,0.25214968919754027,0.7373575,0.2626425176858902,5
89,0.7576165,0.242383474111557,0.7463137,0.2536863274872303,5
90,0.7730149,0.2269850492477417,0.75437534,0.24562465026974678,5
91,0.7320416,0.2679584503173828,0.750536,0.249464001506567,5
92,0.7430911,0.25690892338752747,0.74999547,0.25000452250242233,5
93,0.76782894,0.23217117190361022,0.7465844,0.2534155361354351,5
94,0.81600153,0.18399855494499207,0.7511135,0.24888653680682182,5
95,0.72994304,0.27005701065063475,0.7485827,0.2514173202216625,5
96,0.7550009,0.24499905109405518,0.7568862,0.24311386048793793,5
97,0.7741126,0.22588732838630676,0.7547044,0.24529556930065155,5
98,0.79102236,0.20897767543792725,0.7526678,0.24733223021030426,5
99,0.72644734,0.2735526621341705,0.700064,0.299935981631279,5
100,0.746849,0.2531510055065155,0.76026314,0.23973681032657623,5
101,0.7623277,0.2376723051071167,0.76173365,0.23826637119054794,5
102,0.75542027,0.24457982182502747,0.7606208,0.23937918990850449,5
103,0.79248726,0.20751271843910218,0.7591396,0.24086042493581772,5
104,0.74090004,0.259099942445755,0.7607341,0.23926592990756035,5
105,0.7966092,0.20339075326919556,0.756758,0.2432420402765274,5
106,0.7112773,0.28872273564338685,0.7637129,0.23628700152039528,5
107,0.7276648,0.27233525514602663,0.7600461,0.23995385318994522,5
108,0.81968755,0.18031248450279236,0.77075094,0.22924894839525223,5
109,0.7549995,0.2450004756450653,0.766224,0.23377598077058792,5
110,0.7690366,0.23096335530281067,0.7611579,0.23884224146604538,5
111,0.7541852,0.24581482410430908,0.75041175,0.2495882511138916,5
112,0.7336035,0.26639655232429504,0.7636504,0.23634950816631317,5
113,0.8086022,0.19139782190322877,0.76181626,0.23818374797701836,5
114,0.77326494,0.2267350971698761,0.77310175,0.2268982268869877,5
115,0.7980699,0.20193012356758117,0.7696096,0.23039038106799126,5
116,0.74412566,0.2558743953704834,0.75395876,0.246041189879179,5
117,0.8320282,0.16797178387641906,0.75418806,0.24581191688776016,5
118,0.7835218,0.21647823452949524,0.7672479,0.23275203257799149,5
119,0.8042701,0.19572997689247132,0.7665011,0.23349880054593086,5
120,0.81743747,0.18256258964538574,0.76586026,0.23413975909352303,5
121,0.7642877,0.23571221232414247,0.7614795,0.23852040991187096,5
122,0.79552484,0.20447517037391663,0.77667046,0.223329558968544,5
123,0.8189812,0.18101879954338074,0.7717337,0.22826628014445305,5
124,0.75027853,0.2497214674949646,0.7741315,0.22586852684617043,5
125,0.7949062,0.20509377717971802,0.77161413,0.22838584706187248,5
126,0.7243713,0.27562872767448426,0.7345894,0.2654105871915817,5
127,0.80065167,0.19934841394424438,0.7664191,0.23358098790049553,5
128,0.837407,0.16259297728538513,0.7602155,0.23978440836071968,5
129,0.783651,0.2163490653038025,0.76847863,0.2315213717520237,5
130,0.7944527,0.205547297000885,0.77885705,0.2211429439485073,5
131,0.79297847,0.20702140927314758,0.78307676,0.2169232778251171,5
132,0.81111795,0.18888208866119385,0.7821486,0.21785131841897964,5
133,0.6962105,0.30378947854042054,0.77782834,0.22217170149087906,5
134,0.775272,0.224728000164032,0.76413006,0.23586996644735336,5
135,0.7732943,0.22670563459396362,0.77120686,0.22879309579730034,5
136,0.7758458,0.22415415644645692,0.7759517,0.2240484058856964,5
137,0.8202677,0.17973234057426452,0.77378356,0.22621645405888557,5
138,0.8235113,0.1764887273311615,0.768851,0.23114904388785362,5
139,0.75262004,0.24737997651100158,0.77788895,0.2221110463142395,5
140,0.79939795,0.20060207843780517,0.76195586,0.2380441650748253,5
141,0.7776163,0.22238366007804872,0.77851397,0.22148613259196281,5
142,0.7737461,0.2262539744377136,0.7769724,0.2230275757610798,5
143,0.8000514,0.1999485731124878,0.7747939,0.22520605474710464,5
144,0.79377085,0.206229168176651,0.768091,0.23190894722938538,5
145,0.75846267,0.24153735041618346,0.7750965,0.22490350157022476,5
146,0.79420996,0.20578999519348146,0.780323,0.21967703104019165,5
147,0.7887071,0.21129294037818908,0.7791527,0.22084728255867958,5
148,0.79771054,0.2022894561290741,0.7707718,0.229228176176548,5
149,0.79504824,0.20495172142982482,0.77367234,0.22632759809494019,5
150,0.75038105,0.24961891174316406,0.7756018,0.22439822182059288,5
151,0.7839947,0.2160053253173828,0.78084064,0.21915942430496216,5
152,0.7263145,0.27368552088737486,0.7815556,0.21844437345862389,5
153,0.78315055,0.21684935688972473,0.78085923,0.21914083510637283,5
154,0.7978715,0.20212847590446473,0.7873849,0.2126150168478489,5
155,0.825167,0.17483309507369996,0.782631,0.21736904233694077,5
156,0.7366399,0.2633600771427155,0.78354573,0.21645426750183105,5
157,0.7778694,0.22213053703308105,0.78751767,0.21248244121670723,5
158,0.77907693,0.22092305421829223,0.7739605,0.22603954374790192,5
159,0.7818683,0.21813174486160278,0.7677304,0.23226962611079216,5
160,0.7766914,0.22330859899520875,0.7721938,0.2278062291443348,5
161,0.79147184,0.20852813720703126,0.7798239,0.22017619013786316,5
162,0.7916463,0.2083536446094513,0.78416705,0.2158328779041767,5
163,0.797104,0.20289595127105714,0.7883583,0.21164176613092422,5
164,0.8007451,0.19925493597984315,0.7938756,0.20612439140677452,5
165,0.7970901,0.20290985703468323,0.7940285,0.20597146824002266,5
166,0.80099183,0.19900814890861512,0.79604155,0.2039584144949913,5
167,0.81496125,0.18503870964050292,0.7947079,0.20529209822416306,5
168,0.80467254,0.19532751441001892,0.7936392,0.2063608653843403,5
169,0.81740254,0.18259741067886354,0.78581655,0.21418347209692,5
170,0.76261556,0.2373843550682068,0.7964567,0.2035432904958725,5
171,0.8275617,0.172438383102417,0.7925852,0.20741470158100128,5
172,0.8014169,0.19858312010765075,0.7900572,0.20994284003973007,5
173,0.80747,0.19252997040748596,0.7908741,0.2091258428990841,5
174,0.8129786,0.18702133893966674,0.78961915,0.2103809081017971,5
175,0.79008514,0.2099148750305176,0.7935197,0.20648038014769554,5
176,0.76004684,0.23995310664176941,0.7759776,0.22402246668934822,5
177,0.7790643,0.22093567848205567,0.7924471,0.207552932202816,5
178,0.80943024,0.19056975841522217,0.79223084,0.20776915550231934,5
179,0.78021425,0.21978574395179748,0.7940238,0.2059761807322502,5
180,0.80297583,0.19702420830726625,0.78533137,0.21466859802603722,5
181,0.77917135,0.22082861065864562,0.7970112,0.20298881083726883,5
182,0.83731234,0.16268771886825562,0.7957952,0.2042047567665577,5
183,0.80107385,0.19892610907554625,0.7980863,0.20191366225481033,5
184,0.77653396,0.22346600890159607,0.79758024,0.20241974294185638,5
185,0.796733,0.20326700210571289,0.800604,0.1993960328400135,5
186,0.78199655,0.2180034637451172,0.79799014,0.20200976356863976,5
187,0.7898282,0.21017182469367982,0.7994117,0.20058824121952057,5
188,0.8040348,0.19596515893936156,0.7987076,0.20129235461354256,5
189,0.8317272,0.16827271580696107,0.7994108,0.20058919861912727,5
190,0.8182209,0.18177918791770936,0.79810995,0.20189015194773674,5
191,0.80725956,0.19274046421051025,0.80024457,0.1997554562985897,5
192,0.8049862,0.19501384496688842,0.8012633,0.19873667880892754,5
193,0.7561425,0.24385756850242615,0.7863054,0.21369461342692375,5
194,0.82006836,0.17993167638778687,0.7924402,0.20755983889102936,5
195,0.78996456,0.2100355088710785,0.7973542,0.20264578610658646,5
196,0.8175586,0.18244144320487976,0.7965961,0.20340389385819435,5
197,0.81739867,0.18260132670402526,0.80034864,0.1996513046324253,5
198,0.816072,0.1839280366897583,0.79583514,0.20416491478681564,5
199,0.7349536,0.26504641175270083,0.7970199,0.20298021286725998,5
200,0.85548544,0.14451451301574708,0.80017185,0.19982816651463509,5
201,0.8149276,0.18507242798805237,0.8017006,0.19829946383833885,5
202,0.8003624,0.19963759779930115,0.8021421,0.19785792008042336,5
203,0.7898989,0.2101011574268341,0.8009201,0.1990799382328987,5
204,0.8040377,0.19596235156059266,0.7978877,0.20211228355765343,5
205,0.78683,0.213170063495636,0.79418314,0.20581691712141037,5
206,0.86409986,0.13590006828308104,0.79018277,0.20981722697615623,5
207,0.7960453,0.20395469069480895,0.77188474,0.2281152792274952,5
208,0.81599206,0.18400794863700867,0.7848566,0.2151433750987053,5
209,0.76989806,0.23010190725326538,0.7886155,0.21138451993465424,5
210,0.79315203,0.2068479299545288,0.7979303,0.2020697481930256,5
211,0.84954786,0.15045207142829894,0.80536866,0.19463137164711952,5
212,0.80046093,0.19953912496566772,0.8011454,0.19885458797216415,5
213,0.7874193,0.21258077621459961,0.80064994,0.1993500515818596,5
214,0.86049145,0.13950844407081603,0.796402,0.2035980522632599,5
215,0.7823345,0.2176654577255249,0.7976373,0.20236268267035484,5
216,0.7874745,0.21252554655075073,0.7985215,0.20147845521569252,5
217,0.8287481,0.17125191688537597,0.79982233,0.20017771422863007,5
218,0.82950604,0.1704939842224121,0.79942846,0.20057159289717674,5
219,0.82841694,0.171583092212677,0.7951238,0.20487616583704948,5
220,0.8196764,0.1803235650062561,0.79423434,0.20576567947864532,5
221,0.7895788,0.21042115688323976,0.77472174,0.22527826204895973,5
222,0.8377209,0.16227911710739135,0.8013785,0.19862155616283417,5
223,0.82269603,0.17730398774147033,0.80277497,0.19722504168748856,5
224,0.82932127,0.1706787168979645,0.8030776,0.1969224289059639,5
225,0.82660294,0.17339712381362915,0.8044244,0.19557559490203857,5
226,0.80427706,0.19572299122810363,0.806832,0.19316798821091652,5
227,0.81105506,0.1889449417591095,0.796566,0.20343395695090294,5
228,0.79780596,0.20219405889511108,0.80310524,0.19689474999904633,5
229,0.785785,0.2142149806022644,0.8055568,0.1944432519376278,5
230,0.7588155,0.24118447303771973,0.80643284,0.1935671865940094,5
231,0.8284807,0.17151932120323182,0.8069736,0.19302638620138168,5
232,0.8149954,0.185004585981369,0.80316156,0.19683834165334702,5
233,0.83637726,0.16362270712852478,0.8019765,0.19802352786064148,5
234,0.7895962,0.21040381193161012,0.8045523,0.19544770941138268,5
235,0.78482383,0.21517617106437684,0.80364203,0.19635798409581184,5
236,0.816356,0.1836440682411194,0.80127317,0.19872688502073288,5
237,0.7801355,0.2198644459247589,0.7982936,0.2017064280807972,5
238,0.7997304,0.20026951432228088,0.7987112,0.201288852840662,5
239,0.8221777,0.17782233357429506,0.79844207,0.2015579268336296,5
240,0.8176357,0.18236432671546937,0.80341494,0.19658499211072922,5
241,0.7818452,0.21815484762191772,0.80355865,0.196441438049078,5
242,0.7827773,0.21722266674041749,0.8019043,0.1980956830084324,5
243,0.7623192,0.23768080472946168,0.8052149,0.19478511065244675,5
244,0.784256,0.21574405431747437,0.8067735,0.19322644546627998,5
245,0.8182394,0.1817605972290039,0.80691856,0.19308140873908997,5
246,0.8218304,0.1781695604324341,0.8072569,0.19274311140179634,5
247,0.80793774,0.19206233620643615,0.8110246,0.18897541239857674,5
248,0.76638526,0.2336147129535675,0.8116026,0.18839740753173828,5
249,0.7719218,0.22807815074920654,0.7992409,0.20075905695557594,5
250,0.80555505,0.194444876909256,0.803734,0.19626598060131073,5
251,0.8236246,0.176375412940979,0.7997421,0.20025784894824028,5
252,0.8288099,0.17119004130363463,0.8041459,0.19585417583584785,5
253,0.80115354,0.19884648323059081,0.79946405,0.20053594559431076,5
254,0.7855586,0.2144414246082306,0.8073482,0.19265178963541985,5
255,0.818071,0.18192902207374573,0.79929984,0.20070017874240875,5
256,0.8185252,0.1814747393131256,0.80954146,0.19045856222510338,5
257,0.8452814,0.1547185719013214,0.80902493,0.19097507745027542,5
258,0.8634728,0.13652711510658264,0.80247253,0.19752734154462814,5
259,0.7957595,0.20424049496650695,0.80981517,0.19018485397100449,5
260,0.7973374,0.2026626169681549,0.8105857,0.1894143410027027,5
261,0.82376605,0.17623397707939148,0.8118386,0.1881614550948143,5
262,0.8071562,0.19284376502037048,0.81323856,0.1867614910006523,5
263,0.8276353,0.1723647117614746,0.81096685,0.18903308361768723,5
264,0.7948209,0.20517905354499816,0.80986583,0.1901342011988163,5
265,0.75624,0.2437600314617157,0.7990687,0.20093143731355667,5
266,0.807922,0.19207800030708314,0.80213594,0.19786405563354492,5
267,0.82422626,0.17577374577522278,0.8083325,0.1916676051914692,5
268,0.8244918,0.1755082130432129,0.7991054,0.2008945718407631,5
269,0.78324115,0.2167588174343109,0.7841002,0.21589980274438858,5
270,0.79658,0.20341997742652893,0.8042447,0.1957552656531334,5
271,0.81252706,0.18747296929359436,0.797684,0.20231600478291512,5
272,0.80773115,0.19226878881454468,0.7929234,0.20707666501402855,5
273,0.80693406,0.19306596517562866,0.805602,0.19439807161688805,5
274,0.8255726,0.17442742586135865,0.8124788,0.18752127140760422,5
275,0.82992256,0.17007741332054138,0.8108428,0.18915719538927078,5
276,0.8336474,0.1663526177406311,0.80871636,0.19128364324569702,5
277,0.82816154,0.17183849811553956,0.8078229,0.19217714294791222,5
278,0.83798087,0.16201912760734558,0.80835974,0.19164025783538818,5
279,0.8238805,0.17611948251724244,0.81117177,0.18882817402482033,5
280,0.8535255,0.1464744746685028,0.81051177,0.1894882135093212,5
281,0.8415445,0.1584554672241211,0.81203836,0.18796169385313988,5
282,0.8787797,0.12122027277946472,0.8047492,0.19525081291794777,5
283,0.81991464,0.18008531928062438,0.81113964,0.1888604387640953,5
284,0.8392719,0.16072810888290406,0.813311,0.18668901547789574,5
285,0.8374317,0.16256824731826783,0.8141707,0.18582934141159058,5
286,0.8354375,0.16456247568130494,0.81789,0.18211006745696068,5
287,0.8402932,0.15970680713653565,0.80723614,0.19276390597224236,5
288,0.81618834,0.18381163477897644,0.8179598,0.1820402443408966,5
289,0.8288592,0.1711408495903015,0.80605525,0.1939447820186615,5
290,0.8235486,0.17645132541656494,0.80922997,0.19077004864811897,5
291,0.7726631,0.22733694314956665,0.8097606,0.19023938104510307,5
292,0.85776865,0.14223143458366394,0.81462955,0.18537043035030365,5
293,0.78259647,0.2174035608768463,0.7929168,0.20708318427205086,5
294,0.8161925,0.18380743265151978,0.8017699,0.1982300877571106,5
295,0.84457475,0.1554252326488495,0.8109813,0.1890186332166195,5
296,0.79579884,0.2042011320590973,0.8096786,0.19032137095928192,5
297,0.8293704,0.17062962651252747,0.81338906,0.18661100044846535,5
298,0.7474681,0.25253193378448485,0.8106611,0.18933897465467453,5
299,0.80662125,0.19337862133979797,0.8058659,0.19413413107395172,5
0,0.3417076,0.6582923829555511,0.346987,0.6530129723250866,1
1,0.347112,0.652888023853302,0.3545141,0.6454858928918839,1
2,0.35818058,0.6418194472789764,0.36627284,0.6337271146476269,1
3,0.37904173,0.6209582448005676,0.3830083,0.6169917210936546,1
4,0.3913884,0.608611649274826,0.4039664,0.596033614128828,1
5,0.41018993,0.5898100554943084,0.42711213,0.5728878080844879,1
6,0.43191928,0.5680806815624238,0.4502936,0.5497064180672169,1
7,0.454739,0.5452610194683075,0.47072372,0.5292762741446495,1
8,0.472052,0.5279480338096618,0.48654497,0.5134550705552101,1
9,0.49220294,0.5077970325946808,0.5046382,0.4953618273139,1
10,0.5033723,0.4966277003288269,0.51727295,0.4827270321547985,1
11,0.511445,0.48855496048927305,0.5267564,0.47324368730187416,1
12,0.52866757,0.47133240699768064,0.5435977,0.4564022831618786,1
13,0.5679556,0.4320443391799927,0.55098534,0.44901464879512787,1
14,0.60326874,0.3967312753200531,0.56815743,0.4318425767123699,1
15,0.5603732,0.4396268427371979,0.5790032,0.42099679261446,1
16,0.60111415,0.39888582229614256,0.5894833,0.4105166792869568,1
17,0.61239254,0.3876074552536011,0.57886136,0.42113859206438065,1
18,0.60083395,0.3991659939289093,0.60695815,0.39304183796048164,1
19,0.5845853,0.41541472673416135,0.6115402,0.38845983520150185,1
20,0.6553081,0.34469192028045653,0.6204111,0.37958888709545135,1
21,0.61690503,0.3830949544906616,0.62380505,0.37619495019316673,1
22,0.6328908,0.3671091556549072,0.6490873,0.3509127050638199,1
23,0.6768409,0.32315912246704104,0.6544378,0.34556228667497635,1
24,0.60713804,0.3928619623184204,0.65759575,0.3424043320119381,1
25,0.6758561,0.3241438984870911,0.65661025,0.34338973090052605,1
26,0.63332975,0.36667019724845884,0.6688615,0.331138513982296,1
27,0.6890462,0.3109539091587067,0.6815366,0.3184632919728756,1
28,0.63994515,0.3600548505783081,0.6773037,0.32269634306430817,1
29,0.6807162,0.319283789396286,0.65904087,0.3409591615200043,1
30,0.7197136,0.28028631806373594,0.6883386,0.31166137754917145,1
31,0.66080374,0.3391962289810181,0.6783636,0.3216363675892353,1
32,0.6411109,0.35888906121253966,0.68711627,0.3128837160766125,1
33,0.71548456,0.2845154106616974,0.6821662,0.3178338073194027,1
34,0.6516139,0.3483860969543457,0.6902545,0.30974556133151054,1
35,0.7034682,0.2965317785739899,0.7018765,0.29812346398830414,1
36,0.70952183,0.2904782295227051,0.7019702,0.2980298437178135,1
37,0.766942,0.23305792212486268,0.70659405,0.2934059426188469,1
38,0.7130173,0.28698272705078126,0.71416134,0.28583866730332375,1
39,0.75177914,0.24822088479995727,0.720929,0.27907100319862366,1
40,0.69987905,0.3001209497451782,0.7144053,0.28559456765651703,1
41,0.7832671,0.21673288345336914,0.71083635,0.2891636826097965,1
42,0.70994437,0.2900556743144989,0.72917336,0.2708265669643879,1
43,0.7466176,0.25338242053985593,0.72861564,0.2713843211531639,1
44,0.6921647,0.3078353047370911,0.73753524,0.2624647468328476,1
45,0.752569,0.24743099212646485,0.735386,0.2646140232682228,1
46,0.71094865,0.2890513062477112,0.72184503,0.2781549543142319,1
47,0.72344875,0.27655128240585325,0.71631896,0.2836810201406479,1
48,0.6828227,0.31717724800109864,0.7346123,0.2653876543045044,1
49,0.6920606,0.30793946981430054,0.7367773,0.2632227763533592,1
50,0.69849735,0.3015026390552521,0.7190437,0.28095632046461105,1
51,0.7759418,0.2240581691265106,0.7379912,0.2620088458061218,1
52,0.7462052,0.25379469990730286,0.71421814,0.2857818268239498,1
53,0.74592113,0.25407878756523133,0.7213151,0.2786848470568657,1
54,0.65945923,0.34054079055786135,0.7297305,0.2702694982290268,1
55,0.72556317,0.27443679571151736,0.7341035,0.2658964581787586,1
56,0.7663537,0.2336462676525116,0.7372066,0.2627934254705906,1
57,0.75660485,0.24339511394500732,0.73657864,0.26342136412858963,1
58,0.76512784,0.23487212061882018,0.7228027,0.27719733864068985,1
59,0.7200863,0.27991375923156736,0.74448395,0.25551605224609375,1
60,0.7310216,0.2689784109592438,0.74159473,0.25840529054403305,1
61,0.75623196,0.2437680184841156,0.7468421,0.2531578987836838,1
62,0.794409,0.2055909276008606,0.744128,0.2558719627559185,1
63,0.65799284,0.3420071840286255,0.7518898,0.24811016395688057,1
64,0.68284905,0.31715093851089476,0.73964924,0.2603508271276951,1
65,0.77664757,0.22335245013236998,0.7498834,0.2501165494322777,1
66,0.68771815,0.3122818171977997,0.75023496,0.2497650384902954,1
67,0.70480967,0.29519031643867494,0.74619347,0.2538065016269684,1
68,0.76337063,0.23662932515144347,0.7409992,0.2590007185935974,1
69,0.68425506,0.31574493646621704,0.7492231,0.25077690929174423,1
70,0.7782057,0.22179431915283204,0.7430296,0.2569703795015812,1
71,0.7871876,0.21281245946884156,0.7453579,0.2546421252191067,1
72,0.77409005,0.22590993642807006,0.7566724,0.24332762137055397,1
73,0.7740926,0.2259073555469513,0.72641146,0.2735885828733444,1
74,0.7399848,0.26001514196395875,0.76432914,0.23567085713148117,1
75,0.7026987,0.2973012328147888,0.7530955,0.24690452590584755,1
76,0.75932014,0.24067986011505127,0.76375556,0.23624440282583237,1
77,0.77345765,0.22654240131378173,0.74918437,0.25081563740968704,1
78,0.7224357,0.27756425738334656,0.7530912,0.2469087690114975,1
79,0.75927603,0.24072391986846925,0.75076497,0.24923508614301682,1
80,0.77246714,0.22753285765647888,0.7670589,0.23294105380773544,1
81,0.78944457,0.2105554461479187,0.7687305,0.2312694415450096,1
82,0.7491825,0.2508175432682037,0.7519812,0.2480187602341175,1
83,0.80915356,0.19084641337394714,0.7526559,0.24734416604042053,1
84,0.7299715,0.27002849578857424,0.7524149,0.24758510664105415,1
85,0.75498414,0.2450158715248108,0.74720675,0.25279326364398,1
86,0.72360134,0.27639868259429934,0.76304704,0.2369529902935028,1
87,0.77118206,0.22881794571876526,0.74182236,0.25817757844924927,1
88,0.7813883,0.21861164569854735,0.7615695,0.23843050748109818,1
89,0.745943,0.25405693650245664,0.7626638,0.23733629286289215,1
90,0.73483586,0.26516416668891907,0.7569655,0.2430344931781292,1
91,0.738127,0.2618729531764984,0.76679504,0.233204897493124,1
92,0.79689056,0.20310940742492675,0.76692617,0.23307383805513382,1
93,0.80718744,0.19281256198883057,0.76935714,0.23064297065138817,1
94,0.6989037,0.3010963201522827,0.75973946,0.2402605414390564,1
95,0.78856516,0.2114348292350769,0.7679977,0.23200230672955513,1
96,0.79308474,0.206915283203125,0.7656405,0.23435953631997108,1
97,0.79791015,0.20208982825279237,0.76225764,0.23774238675832748,1
98,0.79986906,0.20013102889060974,0.7647459,0.23525412753224373,1
99,0.7737406,0.22625942826271056,0.7711208,0.22887929901480675,1
100,0.77996385,0.22003610730171203,0.76769906,0.23230090364813805,1
101,0.7599394,0.24006068110466003,0.7541549,0.24584509804844856,1
102,0.75392365,0.24607629776000978,0.73654634,0.26345374807715416,1
103,0.77940154,0.220598441362381,0.7339908,0.2660091705620289,1
104,0.7554277,0.24457226395606996,0.7524518,0.24754821509122849,1
105,0.7798145,0.22018545269966125,0.7684414,0.23155853897333145,1
106,0.76893723,0.23106281757354735,0.7699416,0.23005834221839905,1
107,0.7909094,0.20909063816070556,0.7607401,0.23925986513495445,1
108,0.82813203,0.17186798453330993,0.77372426,0.22627577558159828,1
109,0.7440842,0.2559157609939575,0.76638275,0.23361728340387344,1
110,0.74648046,0.2535195410251617,0.7690319,0.23096811026334763,1
111,0.7870575,0.21294251680374146,0.78184646,0.2181534431874752,1
112,0.7708757,0.22912434339523316,0.7741767,0.2258233167231083,1
113,0.8123765,0.18762351274490358,0.7612116,0.2387884072959423,1
114,0.81224203,0.18775799870491028,0.78098243,0.21901757642626762,1
115,0.73387,0.26612995862960814,0.7801733,0.21982674673199654,1
116,0.77824783,0.2217520773410797,0.78171927,0.21828072890639305,1
117,0.7267813,0.2732187032699585,0.7827531,0.2172468565404415,1
118,0.76967984,0.23032019138336182,0.7756656,0.2243344597518444,1
119,0.77492225,0.22507781386375428,0.77215207,0.2278478480875492,1
120,0.75746053,0.24253947138786316,0.7810829,0.2189171202480793,1
121,0.74332625,0.2566737711429596,0.7793723,0.22062773630023003,1
122,0.74421674,0.25578328371047976,0.7734016,0.2265983298420906,1
123,0.7642573,0.2357426702976227,0.78513336,0.2148667387664318,1
124,0.79901356,0.20098639726638795,0.78068197,0.21931809931993484,1
125,0.79806024,0.2019397258758545,0.7581288,0.24187121912837029,1
126,0.75040996,0.24959007501602173,0.7676943,0.23230565339326859,1
127,0.8088009,0.19119909405708313,0.78415865,0.2158413529396057,1
128,0.75166404,0.24833589792251587,0.7767858,0.22321419790387154,1
129,0.79290605,0.2070939302444458,0.77247846,0.22752153500914574,1
130,0.8197154,0.18028463721275328,0.77739143,0.22260861471295357,1
131,0.7527378,0.24726217985153198,0.77925324,0.22074678540229797,1
132,0.806668,0.19333198070526122,0.77957356,0.22042645141482353,1
133,0.79768926,0.20231080055236816,0.78284305,0.21715696528553963,1
134,0.81340915,0.1865908682346344,0.78170896,0.21829095855355263,1
135,0.81339186,0.18660816550254822,0.78039664,0.21960335969924927,1
136,0.7832979,0.21670204401016235,0.7829796,0.2170204147696495,1
137,0.7709145,0.2290855050086975,0.7724549,0.2275451011955738,1
138,0.78322166,0.2167783796787262,0.78060937,0.2193906158208847,1
139,0.80330324,0.19669675827026367,0.78053135,0.21946866437792778,1
140,0.7923912,0.20760890245437622,0.78695345,0.2130465805530548,1
141,0.7960507,0.2039492607116699,0.7828479,0.21715212240815163,1
142,0.80320585,0.1967940866947174,0.78153694,0.2184630073606968,1
143,0.79692394,0.20307604670524598,0.7607864,0.23921360820531845,1
144,0.757759,0.24224104285240172,0.7710492,0.22895079851150513,1
145,0.7977315,0.20226849913597106,0.77303475,0.22696518898010254,1
146,0.77673167,0.22326834201812745,0.76179117,0.23820875957608223,1
147,0.80059594,0.19940407276153566,0.77648795,0.22351207956671715,1
148,0.7590463,0.2409536600112915,0.7772197,0.22278022393584251,1
149,0.82269984,0.17730008959770202,0.78840095,0.21159911528229713,1
150,0.8468536,0.15314638018608093,0.7843752,0.21562474593520164,1
151,0.8087592,0.1912408411502838,0.78335834,0.2166416496038437,1
152,0.82749784,0.17250213027000427,0.7874885,0.21251149103045464,1
153,0.7547741,0.2452258884906769,0.7875258,0.21247422322630882,1
154,0.8356577,0.16434231996536255,0.7868382,0.2131618745625019,1
155,0.7869544,0.2130456507205963,0.78256243,0.21743754670023918,1
156,0.8251668,0.17483314871788025,0.75854546,0.24145448952913284,1
157,0.7665132,0.2334868550300598,0.7815872,0.21841278299689293,1
158,0.76490974,0.23509023785591127,0.7817148,0.2182852327823639,1
159,0.7593082,0.24069172739982606,0.77337426,0.2266257330775261,1
160,0.832775,0.16722495555877687,0.7885536,0.21144648268818855,1
161,0.8328247,0.1671752691268921,0.7781263,0.2218737192451954,1
162,0.79472554,0.20527446269989014,0.7742004,0.22579964250326157,1
163,0.7896827,0.2103172719478607,0.78006804,0.21993198618292809,1
164,0.7873808,0.21261922717094422,0.7783391,0.22166087850928307,1
165,0.82120496,0.17879508137702943,0.789695,0.21030500903725624,1
166,0.7966484,0.20335148572921752,0.7814786,0.2185213603079319,1
167,0.78806573,0.21193426251411437,0.7790044,0.22099565342068672,1
168,0.8097874,0.19021262526512145,0.78447735,0.21552268043160439,1
169,0.7672861,0.232713919878006,0.7789781,0.22102190926671028,1
170,0.800424,0.19957588911056517,0.7781814,0.2218186892569065,1
171,0.81460226,0.18539779782295226,0.78751624,0.21248379722237587,1
172,0.78286004,0.21713996529579163,0.78962433,0.2103756219148636,1
173,0.77888924,0.22111074328422547,0.7845251,0.21547483280301094,1
174,0.800828,0.19917200207710267,0.78392035,0.21607966721057892,1
175,0.8458277,0.15417227149009705,0.79225624,0.20774376019835472,1
176,0.77859855,0.22140143513679506,0.7841632,0.2158367708325386,1
177,0.7782594,0.22174057960510254,0.7892989,0.2107011191546917,1
178,0.82579535,0.17420463562011718,0.7894929,0.2105071283876896,1
179,0.8267452,0.17325471043586732,0.787262,0.21273796632885933,1
180,0.7996437,0.20035630464553833,0.7824178,0.21758224070072174,1
181,0.79482734,0.20517274737358093,0.77928686,0.22071314603090286,1
182,0.79601705,0.20398302078247071,0.79323816,0.2067617103457451,1
183,0.7910283,0.20897166728973388,0.7875517,0.21244826912879944,1
184,0.76759535,0.23240469694137572,0.7761889,0.22381111606955528,1
185,0.79952055,0.20047943592071532,0.7933819,0.2066180817782879,1
186,0.8199685,0.18003145456314087,0.7710384,0.22896157577633858,1
187,0.8042921,0.19570794701576233,0.7753778,0.2246221862733364,1
188,0.8008512,0.19914870262145995,0.79015213,0.20984791591763496,1
189,0.7915081,0.20849189758300782,0.7892561,0.21074388176202774,1
190,0.8094303,0.19056966304779052,0.7900983,0.20990172401070595,1
191,0.8319642,0.16803579926490783,0.7926249,0.20737501978874207,1
192,0.79294586,0.20705411434173585,0.7857586,0.21424135193228722,1
193,0.833801,0.1661990225315094,0.7835716,0.21642843261361122,1
194,0.7796614,0.22033857107162474,0.7793569,0.2206430919468403,1
195,0.8052947,0.19470533728599548,0.79165745,0.20834266394376755,1
196,0.79176533,0.20823469758033752,0.7831639,0.21683606877923012,1
197,0.77890223,0.22109779119491577,0.78525496,0.21474499255418777,1
198,0.7669589,0.23304110169410705,0.78200597,0.21799400448799133,1
199,0.76763153,0.23236846327781677,0.7817727,0.21822728961706161,1
200,0.7959759,0.20402402877807618,0.7892254,0.21077465638518333,1
201,0.80332553,0.19667444229125977,0.79213727,0.2078627161681652,1
202,0.76290244,0.23709756731987,0.7757109,0.2242891602218151,1
203,0.7953641,0.20463586449623108,0.7868062,0.21319373697042465,1
204,0.8235132,0.1764867901802063,0.78829896,0.21170111745595932,1
205,0.78000367,0.2199963390827179,0.7875016,0.21249840036034584,1
206,0.8193611,0.18063889741897582,0.7752487,0.22475120425224304,1
207,0.82536256,0.17463743686676025,0.7915532,0.20844683423638344,1
208,0.7791718,0.2208281695842743,0.7947788,0.20522116497159004,1
209,0.838136,0.16186397671699523,0.78815717,0.2118428833782673,1
210,0.8067282,0.19327176213264466,0.7868139,0.2131861336529255,1
211,0.7746943,0.2253057360649109,0.7942234,0.20577656105160713,1
212,0.8376234,0.16237667798995972,0.79375094,0.20624905079603195,1
213,0.8092207,0.19077932238578796,0.7843265,0.21567339450120926,1
214,0.8336833,0.16631667017936708,0.7861694,0.21383066847920418,1
215,0.8205331,0.17946690917015076,0.7924704,0.2075294889509678,1
216,0.7864968,0.21350319385528566,0.7935973,0.206402700394392,1
217,0.79501367,0.2049863040447235,0.7910648,0.2089351862668991,1
218,0.8438613,0.15613871812820435,0.79117566,0.20882432162761688,1
219,0.7991608,0.20083919167518616,0.7921667,0.20783333852887154,1
220,0.78682226,0.21317770481109619,0.7904794,0.20952058583498,1
221,0.82576114,0.17423884868621825,0.7920782,0.2079218327999115,1
222,0.8222207,0.17777925729751587,0.7925906,0.20740938931703568,1
223,0.83468854,0.16531144380569457,0.78899217,0.21100789308547974,1
224,0.78799546,0.21200453639030456,0.7921435,0.20785648003220558,1
225,0.8161915,0.18380843997001647,0.7824096,0.21759040653705597,1
226,0.81486875,0.18513128757476807,0.79348314,0.20651689916849136,1
227,0.783385,0.21661502718925477,0.7751097,0.22489024326205254,1
228,0.8104516,0.1895483911037445,0.79002076,0.20997924357652664,1
229,0.80113393,0.1988660514354706,0.79322505,0.2067749723792076,1
230,0.7778849,0.22211503386497497,0.7754195,0.22458043321967125,1
231,0.7787693,0.2212307095527649,0.7848886,0.21511125937104225,1
232,0.8450259,0.15497403144836425,0.7881645,0.21183555200695992,1
233,0.76874363,0.231256365776062,0.78814363,0.21185635402798653,1
234,0.7419935,0.25800652503967286,0.78689665,0.21310337260365486,1
235,0.7840182,0.21598181128501892,0.79445255,0.205547496676445,1
236,0.81642735,0.18357276916503906,0.77899706,0.2210029438138008,1
237,0.7940581,0.20594191551208496,0.7854162,0.2145838476717472,1
238,0.7839483,0.21605169177055358,0.7839312,0.21606877818703651,1
239,0.7789429,0.22105708122253417,0.78986526,0.21013477817177773,1
240,0.8123183,0.18768177628517152,0.78272593,0.21727412566542625,1
241,0.7709567,0.22904325127601624,0.78773415,0.21226584538817406,1
242,0.8119011,0.18809883594512938,0.7853488,0.21465126052498817,1
243,0.7931365,0.2068636178970337,0.7890013,0.21099869534373283,1
244,0.8281714,0.17182864546775817,0.7915122,0.2084878347814083,1
245,0.7861583,0.2138416588306427,0.7892692,0.21073079109191895,1
246,0.8181037,0.18189630508422852,0.78597313,0.2140268161892891,1
247,0.78113645,0.21886350512504577,0.7904009,0.20959903672337532,1
248,0.80774134,0.19225865006446838,0.7861237,0.21387630328536034,1
249,0.7605302,0.23946977257728577,0.79683816,0.20316185057163239,1
250,0.8380087,0.16199130415916443,0.79827774,0.20172229036688805,1
251,0.85289365,0.1471063256263733,0.79514486,0.20485510304570198,1
252,0.8027541,0.19724593162536622,0.78470093,0.2152990959584713,1
253,0.8433077,0.1566923439502716,0.7993548,0.20064525306224823,1
254,0.777312,0.2226880133152008,0.79144675,0.2085532359778881,1
255,0.78224266,0.21775730848312377,0.7832247,0.216775331646204,1
256,0.8150015,0.18499855995178222,0.7738019,0.2261980026960373,1
257,0.79771477,0.202285236120224,0.79317945,0.2068205215036869,1
258,0.79739964,0.2026003122329712,0.7909512,0.2090488225221634,1
259,0.78976536,0.21023465394973756,0.79591084,0.20408914983272552,1
260,0.80772054,0.1922793984413147,0.7953052,0.20469475537538528,1
261,0.7892015,0.21079853773117066,0.7791528,0.22084710747003555,1
262,0.7881895,0.21181047558784485,0.7886749,0.21132510527968407,1
263,0.8151541,0.1848458766937256,0.7828212,0.21717876940965652,1
264,0.8239072,0.17609285712242126,0.7994663,0.20053363218903542,1
265,0.8813974,0.11860261559486389,0.7973157,0.20268429815769196,1
266,0.7844452,0.21555474996566773,0.7891829,0.21081704273819923,1
267,0.79352885,0.20647116899490356,0.7994704,0.2005295529961586,1
268,0.8607936,0.13920639753341674,0.798533,0.2014668956398964,1
269,0.84309846,0.1569014847278595,0.79139024,0.20860981941223145,1
270,0.8152415,0.18475860357284546,0.7981256,0.20187442377209663,1
271,0.8300518,0.16994813680648804,0.7944884,0.20551162958145142,1
272,0.78681105,0.2131889283657074,0.7883495,0.21165045723319054,1
273,0.8059797,0.19402027726173401,0.80066097,0.19933901727199554,1
274,0.8288771,0.17112295031547547,0.77836365,0.22163638100028038,1
275,0.82356244,0.17643755078315734,0.8000355,0.19996445253491402,1
276,0.80450994,0.19549013376235963,0.78693527,0.21306473389267921,1
277,0.80896205,0.19103800058364867,0.79610837,0.20389170572161674,1
278,0.7844677,0.2155322551727295,0.8028135,0.19718659669160843,1
279,0.7943365,0.20566354393959047,0.7872926,0.21270738542079926,1
280,0.81106174,0.18893823623657227,0.79878426,0.20121578127145767,1
281,0.8136918,0.1863081634044647,0.7883971,0.21160302683711052,1
282,0.7846575,0.21534256339073182,0.80041045,0.1995895616710186,1
283,0.75511503,0.24488500356674195,0.7974506,0.20254940912127495,1
284,0.802965,0.19703506231307982,0.79818404,0.20181594043970108,1
285,0.7775824,0.22241756916046143,0.7943574,0.20564258471131325,1
286,0.8098747,0.19012532830238343,0.790639,0.2093610167503357,1
287,0.8177023,0.1822977066040039,0.79809254,0.20190750062465668,1
288,0.8191997,0.18080029487609864,0.79673564,0.20326436311006546,1
289,0.8000738,0.1999261498451233,0.8018533,0.19814671203494072,1
290,0.8233763,0.17662368416786195,0.7876207,0.21237928420305252,1
291,0.7832004,0.2167995512485504,0.7985498,0.20145023986697197,1
292,0.8487871,0.15121290683746338,0.7899237,0.21007626876235008,1
293,0.85065335,0.14934659600257874,0.80223906,0.1977609470486641,1
294,0.82524407,0.17475587129592896,0.79228824,0.20771177858114243,1
295,0.8073821,0.19261792302131653,0.78177047,0.2182295210659504,1
296,0.8460883,0.1539117217063904,0.8002834,0.1997166909277439,1
297,0.8165984,0.18340157866477966,0.78608036,0.21391966193914413,1
298,0.8429573,0.15704270601272582,0.79203343,0.20796658843755722,1
299,0.8164574,0.18354260921478271,0.7953768,0.20462318509817123,1
0,0.34353596,0.6564640164375305,0.34885165,0.651148360222578,2
1,0.34420145,0.6557985723018647,0.35559684,0.6444031372666359,2
2,0.3549443,0.6450556755065918,0.3665871,0.6334129013121128,2
3,0.3662103,0.6337896823883057,0.3825568,0.6174432039260864,2
4,0.38834208,0.6116579532623291,0.40366417,0.5963357836008072,2
5,0.40502578,0.5949742376804352,0.42631063,0.5736893713474274,2
6,0.43187624,0.5681237399578094,0.45130125,0.5486987419426441,2
7,0.45296925,0.5470307528972626,0.47245845,0.527541596442461,2
8,0.47590488,0.5240951180458069,0.4923689,0.5076311156153679,2
9,0.4866447,0.5133553504943847,0.5081914,0.49180854856967926,2
10,0.4926772,0.5073227286338806,0.5222516,0.4777483455836773,2
11,0.5007571,0.49924290776252744,0.5308517,0.46914830803871155,2
12,0.51592255,0.48407743573188783,0.5430101,0.4569898769259453,2
13,0.52080536,0.47919469475746157,0.5493323,0.4506676383316517,2
14,0.53350455,0.46649548411369324,0.5611675,0.43883253261446953,2
15,0.5537155,0.4462845027446747,0.57240295,0.4275970943272114,2
16,0.5687109,0.43128902912139894,0.5859205,0.4140794686973095,2
17,0.5470324,0.45296759009361265,0.593973,0.40602705627679825,2
18,0.5638442,0.436155766248703,0.5982253,0.40177472308278084,2
19,0.5994752,0.40052478909492495,0.60632455,0.3936754837632179,2
20,0.62048364,0.37951632738113406,0.62248373,0.37751616165041924,2
21,0.61203855,0.3879614293575287,0.6292986,0.37070132791996,2
22,0.58318895,0.41681105494499204,0.5887306,0.4112694263458252,2
23,0.60588014,0.3941199004650116,0.6310862,0.36891379952430725,2
24,0.65496147,0.3450385332107544,0.63467,0.3653299883008003,2
25,0.6379051,0.362094908952713,0.64573824,0.35426174849271774,2
26,0.67745733,0.32254270315170286,0.6541659,0.3458341471850872,2
27,0.7095664,0.29043354988098147,0.6644271,0.3355729319155216,2
28,0.6468239,0.3531761050224304,0.669498,0.3305019736289978,2
29,0.690728,0.3092719793319702,0.6731284,0.3268715366721153,2
30,0.697678,0.30232198238372804,0.68181306,0.3181869089603424,2
31,0.69173515,0.3082648694515228,0.67805773,0.3219422213733196,2
32,0.6357193,0.36428070068359375,0.6816001,0.31839989125728607,2
33,0.64443105,0.3555689215660095,0.6780141,0.3219859004020691,2
34,0.7109869,0.28901307582855223,0.6830414,0.31695863977074623,2
35,0.59134763,0.40865241289138793,0.6690658,0.3309342712163925,2
36,0.70338356,0.2966163635253906,0.6792918,0.320708267390728,2
37,0.72506374,0.2749362051486969,0.69169116,0.308308869600296,2
38,0.68645126,0.3135487735271454,0.6818256,0.3181743286550045,2
39,0.71366227,0.28633771538734437,0.6916246,0.3083754777908325,2
40,0.71405905,0.2859409093856812,0.691903,0.3080969899892807,2
41,0.69285345,0.30714653730392455,0.6983908,0.30160921066999435,2
42,0.72254467,0.2774553060531616,0.6941166,0.3058834671974182,2
43,0.69507974,0.30492022037506106,0.6950462,0.30495378002524376,2
44,0.70969325,0.29030675292015073,0.7072686,0.2927314005792141,2
45,0.7220306,0.2779694676399231,0.7088748,0.2911251522600651,2
46,0.73849756,0.2615025043487549,0.7074716,0.2925283722579479,2
47,0.7556208,0.24437925815582276,0.7065415,0.2934585288167,2
48,0.68342173,0.3165782392024994,0.71001434,0.28998562321066856,2
49,0.7243918,0.27560819387435914,0.7145509,0.28544906899333,2
50,0.66611135,0.33388863801956176,0.711145,0.2888549417257309,2
51,0.67544043,0.32455954551696775,0.7179043,0.2820955961942673,2
52,0.6990544,0.3009455680847168,0.70196086,0.29803909733891487,2
53,0.75483537,0.2451646327972412,0.7218476,0.27815235033631325,2
54,0.70143956,0.2985603868961334,0.7238413,0.27615873888134956,2
55,0.7414975,0.2585025429725647,0.7159767,0.28402335569262505,2
56,0.7506294,0.24937055110931397,0.7254041,0.274595957249403,2
57,0.7409409,0.2590590357780457,0.7285618,0.2714380882680416,2
58,0.77416474,0.22583523392677307,0.7071606,0.2928394265472889,2
59,0.7531094,0.24689059853553771,0.7165148,0.28348514810204506,2
60,0.6753871,0.32461291551589966,0.71525997,0.28474002331495285,2
61,0.75157714,0.24842288494110107,0.72535306,0.27464699000120163,2
62,0.8345547,0.16544532775878906,0.72645307,0.27354688942432404,2
63,0.76939964,0.2306003212928772,0.7310497,0.26895029470324516,2
64,0.7716187,0.22838128805160524,0.73001283,0.2699871398508549,2
65,0.7422129,0.2577871561050415,0.7270085,0.27299143746495247,2
66,0.6925562,0.3074438750743866,0.73958313,0.26041682437062263,2
67,0.754505,0.24549502730369568,0.73987997,0.26012004911899567,2
68,0.7748201,0.22517996430397033,0.7275922,0.2724077142775059,2
69,0.7966695,0.2033304452896118,0.74441034,0.25558971241116524,2
70,0.7207033,0.2792967617511749,0.74434835,0.25565172731876373,2
71,0.77150035,0.2284996449947357,0.7513907,0.24860934913158417,2
72,0.7384179,0.2615821123123169,0.7435213,0.2564786747097969,2
73,0.739664,0.2603359818458557,0.74330324,0.2566966861486435,2
74,0.74870527,0.25129473209381104,0.73899335,0.26100657135248184,2
75,0.7577931,0.24220688939094542,0.7553439,0.24465610086917877,2
76,0.7887843,0.21121572852134704,0.74792683,0.25207317620515823,2
77,0.7259754,0.27402461767196656,0.74309736,0.2569025382399559,2
78,0.6673255,0.3326744675636292,0.741814,0.2581859640777111,2
79,0.7489698,0.25103018879890443,0.75124425,0.24875574558973312,2
80,0.7552725,0.24472750425338746,0.7184944,0.2815057076513767,2
81,0.7152059,0.2847940266132355,0.75009125,0.24990877881646156,2
82,0.7451619,0.25483809113502504,0.75377256,0.2462274394929409,2
83,0.73699886,0.2630010485649109,0.75810856,0.24189145863056183,2
84,0.7443756,0.2556244909763336,0.7340207,0.26597920432686806,2
85,0.7961934,0.20380660891532898,0.7465338,0.2534662298858166,2
86,0.75438213,0.24561782479286193,0.75360626,0.24639375507831573,2
87,0.78691655,0.2130834460258484,0.7314313,0.2685686983168125,2
88,0.76714796,0.23285199999809264,0.761022,0.23897797614336014,2
89,0.7626828,0.23731725215911864,0.75223786,0.24776208028197289,2
90,0.74405694,0.25594307780265807,0.75821733,0.24178257584571838,2
91,0.7552114,0.24478856325149537,0.76649505,0.23350484669208527,2
92,0.78090084,0.21909911036491395,0.76237154,0.23762845620512962,2
93,0.7562374,0.24376264810562134,0.77050006,0.2294999361038208,2
94,0.76561034,0.23438957929611207,0.76431245,0.2356875166296959,2
95,0.7389067,0.26109335422515867,0.7571441,0.24285589531064034,2
96,0.7785851,0.2214149832725525,0.76849455,0.23150551691651344,2
97,0.78954947,0.21045055985450745,0.75757897,0.24242106080055237,2
98,0.77518255,0.22481746673583985,0.76759565,0.23240424692630768,2
99,0.7246095,0.2753905296325684,0.7789798,0.22102021053433418,2
100,0.74954665,0.2504534125328064,0.7657755,0.23422452434897423,2
101,0.68903947,0.31096051931381224,0.7693061,0.23069392517209053,2
102,0.78289646,0.2171035349369049,0.7723031,0.2276969477534294,2
103,0.74164295,0.258357036113739,0.7634303,0.23656978830695152,2
104,0.766154,0.233845990896225,0.76943856,0.23056134581565857,2
105,0.78377193,0.21622804999351503,0.7582423,0.24175767600536346,2
106,0.7553562,0.24464383721351624,0.7742737,0.22572636231780052,2
107,0.74582636,0.25417364239692686,0.7678997,0.23210035637021065,2
108,0.76338965,0.23661036491394044,0.7738544,0.22614573687314987,2
109,0.7570371,0.2429628849029541,0.77421933,0.2257806397974491,2
110,0.8251635,0.1748365581035614,0.7612531,0.23874689266085625,2
111,0.7965951,0.20340487957000733,0.77006537,0.22993463650345802,2
112,0.7337612,0.26623883843421936,0.74639624,0.2536037340760231,2
113,0.769543,0.2304570734500885,0.7702502,0.22974981740117073,2
114,0.78428465,0.21571531891822815,0.7647668,0.23523320630192757,2
115,0.7924033,0.20759672522544861,0.7702504,0.2297496497631073,2
116,0.7929214,0.20707855820655824,0.7714946,0.22850539162755013,2
117,0.7979971,0.20200292468070985,0.7773433,0.2226567342877388,2
118,0.75083166,0.24916841387748717,0.78267354,0.21732645854353905,2
119,0.8200036,0.17999632954597472,0.7706076,0.2293923906981945,2
120,0.8014492,0.1985508143901825,0.7821654,0.21783460304141045,2
121,0.80034953,0.1996504008769989,0.78336406,0.21663594990968704,2
122,0.7544731,0.245526921749115,0.78115577,0.21884425729513168,2
123,0.7794295,0.22057051062583924,0.7738657,0.22613434493541718,2
124,0.7770003,0.22299970388412477,0.7765085,0.22349143773317337,2
125,0.78300726,0.2169927775859833,0.7747037,0.2252962626516819,2
126,0.80172396,0.198276025056839,0.77044773,0.22955215722322464,2
127,0.7713248,0.2286751985549927,0.7639632,0.2360367402434349,2
128,0.80659103,0.19340891242027283,0.7793502,0.2206498645246029,2
129,0.7874422,0.2125577986240387,0.78227216,0.217727892100811,2
130,0.7525019,0.2474980890750885,0.76313,0.23686998337507248,2
131,0.7739266,0.22607328295707702,0.7800181,0.21998199075460434,2
132,0.7690073,0.2309926927089691,0.7805393,0.21946074813604355,2
133,0.80495435,0.19504569172859193,0.78789115,0.21210888028144836,2
134,0.7955119,0.2044881045818329,0.78184295,0.21815701574087143,2
135,0.77765566,0.22234436273574829,0.7803191,0.21968084946274757,2
136,0.7632338,0.23676629662513732,0.7753291,0.22467085719108582,2
137,0.7812483,0.21875171065330506,0.7735159,0.22648412734270096,2
138,0.8211439,0.17885605692863465,0.77716136,0.222838643938303,2
139,0.7970509,0.20294910669326782,0.78538704,0.21461296826601028,2
140,0.80353487,0.1964650571346283,0.77185243,0.22814752906560898,2
141,0.77447426,0.22552573680877686,0.78265536,0.21734459698200226,2
142,0.74087065,0.25912941694259645,0.7831202,0.21687979623675346,2
143,0.7844945,0.21550553441047668,0.77973956,0.22026046365499496,2
144,0.8427701,0.15722992420196533,0.77456254,0.22543742135167122,2
145,0.793542,0.20645799040794371,0.7866854,0.21331457793712616,2
146,0.7968384,0.20316158533096312,0.76734596,0.23265403136610985,2
147,0.8037385,0.19626144766807557,0.7837196,0.21628040447831154,2
148,0.81179684,0.18820313811302186,0.7780557,0.22194423526525497,2
149,0.82147396,0.17852599620819093,0.7873664,0.21263358369469643,2
150,0.82722294,0.17277708053588867,0.7833716,0.21662842854857445,2
151,0.82109565,0.17890433073043824,0.78541774,0.21458233147859573,2
152,0.80274284,0.1972571611404419,0.7903817,0.20961827039718628,2
153,0.7467114,0.25328861474990844,0.78385746,0.21614258363842964,2
154,0.85555774,0.14444224834442138,0.785537,0.21446293592453003,2
155,0.8110234,0.18897657394409179,0.7821976,0.21780244261026382,2
156,0.7560495,0.24395050406455993,0.78569376,0.21430620551109314,2
157,0.7852708,0.21472920775413512,0.79129493,0.2087051160633564,2
158,0.77190286,0.22809712886810302,0.7885106,0.21148932352662086,2
159,0.7851394,0.21486066579818724,0.7772476,0.2227523922920227,2
160,0.7605315,0.23946850895881652,0.7919487,0.20805124193429947,2
161,0.8327039,0.1672960937023163,0.7867241,0.21327582001686096,2
162,0.81127036,0.18872973322868347,0.79678553,0.20321446657180786,2
163,0.7477336,0.2522663831710815,0.78235793,0.21764203533530235,2
164,0.7822536,0.21774635314941407,0.7909106,0.20908941328525543,2
165,0.8053896,0.19461044669151306,0.7781898,0.2218102402985096,2
166,0.806996,0.19300397634506225,0.79244107,0.20755891129374504,2
167,0.79471725,0.20528271198272705,0.7882395,0.21176054328680038,2
168,0.7748611,0.22513886094093322,0.77945745,0.22054261341691017,2
169,0.8050097,0.19499025344848633,0.79748595,0.20251397415995598,2
170,0.8015792,0.19842081665992736,0.7913697,0.20863023772835732,2
171,0.81198233,0.18801767826080323,0.7814256,0.2185744121670723,2
172,0.7745902,0.2254098176956177,0.77852684,0.22147313877940178,2
173,0.78678465,0.21321536898612975,0.77638716,0.22361287474632263,2
174,0.7850273,0.21497267484664917,0.76166415,0.23833590000867844,2
175,0.77534074,0.22465922832489013,0.78011066,0.21988923847675323,2
176,0.8026949,0.1973051369190216,0.79028225,0.20971772819757462,2
177,0.8450843,0.15491572618484498,0.7917413,0.2082587368786335,2
178,0.78814125,0.21185876727104186,0.7911625,0.20883756503462791,2
179,0.8211131,0.1788868248462677,0.7914987,0.20850130543112755,2
180,0.79032147,0.20967854261398317,0.77767867,0.2223212867975235,2
181,0.77368087,0.2263190984725952,0.8027587,0.19724134355783463,2
182,0.842498,0.15750198364257811,0.8018892,0.19811086729168892,2
183,0.81700516,0.18299479484558107,0.7891569,0.21084308996796608,2
184,0.7834562,0.21654378175735473,0.79149187,0.20850816369056702,2
185,0.8483432,0.151656836271286,0.78535706,0.21464283019304276,2
186,0.7685932,0.23140687346458436,0.79684746,0.20315253362059593,2
187,0.78854257,0.21145743727684022,0.7909314,0.20906862616539001,2
188,0.79619807,0.2038019299507141,0.8001343,0.19986571371555328,2
189,0.81420577,0.18579421639442445,0.77756214,0.22243798524141312,2
190,0.79624844,0.20375162959098816,0.79925674,0.20074326545000076,2
191,0.7853044,0.21469563245773315,0.79622585,0.20377417281270027,2
192,0.78713053,0.21286947131156922,0.7772909,0.22270915657281876,2
193,0.81611764,0.1838823139667511,0.80048364,0.19951629638671875,2
194,0.79923004,0.20076998472213745,0.7876955,0.21230440586805344,2
195,0.7976865,0.20231351852416993,0.801638,0.19836192578077316,2
196,0.8209298,0.17907021045684815,0.7990875,0.2009124644100666,2
197,0.80640286,0.19359719157218933,0.79085326,0.20914671942591667,2
198,0.82364446,0.17635557651519776,0.79604435,0.20395570248365402,2
199,0.7525378,0.24746224284172058,0.7956847,0.20431524142622948,2
200,0.8261258,0.17387418150901796,0.79506814,0.204931803047657,2
201,0.7682583,0.23174176812171937,0.79937667,0.20062339678406715,2
202,0.81662524,0.18337478041648864,0.7852612,0.2147388607263565,2
203,0.79837984,0.20162019729614258,0.8017207,0.19827939197421074,2
204,0.79822236,0.20177757740020752,0.7948308,0.2051691710948944,2
205,0.80853635,0.1914636254310608,0.7921932,0.20780682936310768,2
206,0.8493106,0.15068938136100768,0.791831,0.20816898718476295,2
207,0.7924404,0.20755965113639832,0.79726285,0.20273713022470474,2
208,0.8405508,0.15944914221763612,0.7987312,0.20126879960298538,2
209,0.82413495,0.1758651077747345,0.79303014,0.20696984231472015,2
210,0.79700387,0.20299612283706664,0.78518105,0.21481891348958015,2
211,0.82833517,0.1716647505760193,0.8022827,0.19771722704172134,2
212,0.82137597,0.17862406969070435,0.78955257,0.21044742688536644,2
213,0.8317008,0.16829924583435057,0.7928571,0.2071429379284382,2
214,0.817381,0.182619047164917,0.79547787,0.20452216267585754,2
215,0.8212868,0.1787131905555725,0.78475726,0.21524279937148094,2
216,0.832407,0.16759294867515565,0.8000884,0.199911680072546,2
217,0.8085147,0.1914853036403656,0.7916406,0.2083594799041748,2
218,0.79786736,0.20213271379470826,0.7943591,0.20564086735248566,2
219,0.85065967,0.14934036135673523,0.7990045,0.20099547132849693,2
220,0.8322951,0.16770488619804383,0.78759253,0.21240749955177307,2
221,0.8437136,0.15628641843795776,0.7889332,0.21106673777103424,2
222,0.8109657,0.18903431296348572,0.7955206,0.2044793702661991,2
223,0.84333193,0.1566680610179901,0.79274076,0.20725925266742706,2
224,0.82673454,0.17326546907424928,0.8051083,0.19489168375730515,2
225,0.8106769,0.18932310342788697,0.8016177,0.19838234037160873,2
226,0.8103299,0.18967008590698242,0.7913387,0.20866144448518753,2
227,0.83971846,0.16028149724006652,0.7949522,0.20504777878522873,2
228,0.8425149,0.15748507976531984,0.7908105,0.2091895267367363,2
229,0.7972983,0.2027016818523407,0.80049115,0.19950878620147705,2
230,0.824921,0.17507901787757874,0.79271173,0.20728826522827148,2
231,0.8218461,0.1781539261341095,0.7946322,0.20536775141954422,2
232,0.79969543,0.20030450820922852,0.803537,0.196462981402874,2
233,0.8421812,0.15781880617141725,0.80016094,0.1998390629887581,2
234,0.8374356,0.16256439685821533,0.80616003,0.19383994489908218,2
235,0.82403773,0.17596232295036315,0.7951405,0.20485937967896461,2
236,0.8479149,0.152085143327713,0.7992454,0.2007545866072178,2
237,0.8319523,0.16804770827293397,0.79407775,0.2059221863746643,2
238,0.8382015,0.16179847121238708,0.8053745,0.19462542608380318,2
239,0.82959497,0.1704050838947296,0.78863406,0.2113659530878067,2
240,0.79998386,0.20001618266105653,0.8016562,0.19834386929869652,2
241,0.8391654,0.16083467602729798,0.7900164,0.20998359471559525,2
242,0.80364466,0.1963552474975586,0.79885536,0.20114469528198242,2
243,0.78799784,0.21200225949287416,0.8054516,0.19454839825630188,2
244,0.7687073,0.23129270672798158,0.79187715,0.20812297984957695,2
245,0.8510548,0.14894524216651917,0.78560734,0.21439266204833984,2
246,0.79834104,0.20165897011756898,0.80610573,0.1938941925764084,2
247,0.82024556,0.17975443601608276,0.78627884,0.2137211635708809,2
248,0.809974,0.19002602100372315,0.8036883,0.19631177559494972,2
249,0.86894464,0.1310554027557373,0.7957991,0.20420097559690475,2
250,0.78838724,0.21161276698112488,0.8083623,0.19163773953914642,2
251,0.8270043,0.17299567461013793,0.8023838,0.19761614874005318,2
252,0.8245821,0.17541782259941102,0.79651994,0.20348010584712029,2
253,0.8323714,0.16762862205505372,0.7924167,0.20758329704403877,2
254,0.8323744,0.16762567162513733,0.79747474,0.2025252990424633,2
255,0.8278783,0.1721217393875122,0.79874575,0.2012542225420475,2
256,0.78804845,0.21195151209831237,0.7984762,0.2015237919986248,2
257,0.7498461,0.2501540005207062,0.7964147,0.20358536019921303,2
258,0.7976911,0.20230890512466432,0.79960346,0.200396578758955,2
259,0.82208806,0.17791190147399902,0.7942858,0.20571428537368774,2
260,0.839527,0.16047296524047852,0.7979903,0.2020096369087696,2
261,0.81370914,0.18629086017608643,0.7937086,0.20629141107201576,2
262,0.7372918,0.2627082049846649,0.79371595,0.2062840312719345,2
263,0.81142294,0.1885769784450531,0.7971026,0.20289745926856995,2
264,0.7765771,0.22342293262481688,0.8001517,0.19984829425811768,2
265,0.83344144,0.16655861735343933,0.8031651,0.19683486968278885,2
266,0.83770466,0.16229534149169922,0.7947403,0.20525965467095375,2
267,0.7880593,0.21194077134132386,0.79522604,0.20477400347590446,2
268,0.82763785,0.17236212491989136,0.8028429,0.1971571408212185,2
269,0.8140728,0.18592719435691835,0.80516946,0.19483055546879768,2
270,0.8306006,0.1693994700908661,0.80236465,0.19763531908392906,2
271,0.81125176,0.1887482762336731,0.8102555,0.18974453210830688,2
272,0.75966054,0.2403394877910614,0.7919021,0.2080978937447071,2
273,0.8219576,0.17804237008094786,0.8060715,0.19392846897244453,2
274,0.82530725,0.174692702293396,0.8072997,0.19270037859678268,2
275,0.82362974,0.17637012004852295,0.8062427,0.19375735893845558,2
276,0.83444184,0.1655581474304199,0.782286,0.21771405264735222,2
277,0.8050238,0.19497625827789306,0.8060538,0.19394614920020103,2
278,0.8487442,0.151255863904953,0.8065925,0.19340748712420464,2
279,0.7901646,0.20983541011810303,0.803199,0.19680101424455643,2
280,0.82787144,0.17212857007980348,0.7993889,0.20061113312840462,2
281,0.8335002,0.16649982333183289,0.80124897,0.19875097647309303,2
282,0.82383585,0.17616420984268188,0.79262024,0.20737974345684052,2
283,0.79909056,0.20090938210487366,0.8000519,0.1999480500817299,2
284,0.82677877,0.17322110533714294,0.80225825,0.19774186238646507,2
285,0.80097353,0.19902653098106385,0.8013051,0.19869489967823029,2
286,0.81876457,0.18123536109924315,0.80874056,0.19125936925411224,2
287,0.808494,0.19150604605674743,0.8112191,0.18878086656332016,2
288,0.82599145,0.17400854229927062,0.8092044,0.19079558551311493,2
289,0.8283827,0.17161733508110047,0.80159175,0.19840818643569946,2
290,0.8115716,0.18842837810516358,0.81094295,0.18905701860785484,2
291,0.80778325,0.19221684336662292,0.80278325,0.19721681252121925,2
292,0.840926,0.15907403826713562,0.80231553,0.19768450036644936,2
293,0.81490356,0.18509641885757447,0.794891,0.20510905981063843,2
294,0.7986539,0.20134610533714295,0.7762499,0.22375020384788513,2
295,0.83801556,0.16198450922966004,0.80687517,0.19312482699751854,2
296,0.77418816,0.22581182718276976,0.7965052,0.20349472388625145,2
297,0.7684969,0.2315031111240387,0.8046778,0.1953222118318081,2
298,0.84544694,0.15455300807952882,0.79562056,0.20437945052981377,2
299,0.8518709,0.1481290876865387,0.8009274,0.1990727037191391,2